LSOA_Code,LSOA_Name,MSOA_Code,MSOA_Name,Area,Population,Population_Density,Employed,Managers_directors_senior_officials,Professional_occupations,Associate_professional_technical,Administrative_secretarial,Skilled_trades,Caring_leisure_service,Sales_customer_service,Process_plant_machine,Elementary_occupations,General_health,Very_good_health,Good_health,Fair_health,Bad_health,Very_bad_health,No_qualifications,Level 1,Level 2,Apprenticeship,Level 3,Level 4,Other qualifications,Detached,Semi-detached,Terraced,Flats,Shared_bedsits,Converted,Commercial,caravan_temporary,Income
E01029390,Cannock Chase 004D,E02006121,Cannock Chase 004,0.2872,1030,3586.350975,452,19,41,39,27,68,49,51,73,85,1046,389,395,178,62,22,220,122,135,56,130,139,21,12,357,12,64,1,0,1,0,39300
E01029386,Cannock Chase 005B,E02006122,Cannock Chase 005,0.3335,1417,4248.875562,687,77,68,77,85,119,60,50,57,94,1432,587,519,233,70,23,269,155,187,70,226,244,37,157,371,29,71,0,0,1,0,40900
E01029387,Cannock Chase 005C,E02006122,Cannock Chase 005,0.2944,1378,4680.706522,678,59,91,72,48,120,73,63,63,89,1445,551,502,247,113,32,320,147,174,55,231,248,37,159,368,85,27,7,1,2,0,40900
E01029389,Cannock Chase 005D,E02006122,Cannock Chase 005,0.9817,1696,1727.615361,899,100,125,116,85,127,88,82,76,100,1658,712,622,237,73,14,271,137,246,81,282,372,43,165,322,75,224,10,18,29,0,40900
E01029388,Cannock Chase 004C,E02006121,Cannock Chase 004,8.3357,1298,155.7157767,613,41,76,56,52,111,66,53,78,80,1369,549,450,219,107,44,346,142,160,83,195,208,21,82,359,109,79,5,3,3,0,39300
E01029391,Cannock Chase 009D,E02006126,Cannock Chase 009,1.4774,1711,1158.115609,844,115,150,99,86,127,76,64,62,65,1695,749,614,224,91,17,282,163,217,100,266,350,39,397,195,40,63,3,3,3,0,42100
E01029393,Cannock Chase 008E,E02006125,Cannock Chase 008,0.5569,1596,2865.864608,779,88,109,94,75,124,77,66,71,75,1571,624,584,275,71,17,329,170,191,97,268,280,47,160,487,19,65,5,0,1,0,34800
E01029392,Cannock Chase 009E,E02006126,Cannock Chase 009,0.6713,2186,3256.368241,1189,150,208,150,133,157,97,115,77,102,2149,1100,732,240,60,17,260,189,289,110,392,466,29,315,391,122,5,5,5,1,0,42100
E01029395,Cannock Chase 013B,E02006130,Cannock Chase 013,10.7491,3001,279.1861644,1409,175,265,199,147,196,105,103,100,119,2565,1324,936,234,58,13,344,202,351,127,442,554,43,480,439,94,53,4,2,2,8,39900
E01029394,Cannock Chase 013A,E02006130,Cannock Chase 013,2.5293,1500,593.0494603,684,86,68,76,75,111,65,56,71,76,1513,582,526,301,76,28,367,149,196,86,214,234,52,206,409,37,11,4,0,0,0,39900
E01029396,Cannock Chase 013C,E02006130,Cannock Chase 013,1.3701,1619,1181.665572,819,100,120,88,76,133,66,73,72,91,1609,667,611,237,76,18,315,184,191,94,280,289,35,359,260,27,72,10,1,10,0,39900
E01029397,Cannock Chase 013D,E02006130,Cannock Chase 013,0.5108,2610,5109.63195,1237,126,171,128,116,194,133,88,117,164,2632,1134,929,389,132,48,469,268,367,101,362,421,34,220,563,207,37,1,1,2,0,39900
E01029400,Cannock Chase 006D,E02006123,Cannock Chase 006,0.8247,1597,1936.461744,807,101,132,87,79,106,104,69,67,62,1651,689,588,287,73,14,292,153,200,84,254,323,29,224,365,22,34,0,0,1,0,44400
E01029399,Cannock Chase 006C,E02006123,Cannock Chase 006,0.4075,1390,3411.042945,794,67,116,104,83,118,82,69,58,97,1432,601,526,210,72,23,225,129,192,76,257,305,31,230,142,181,104,6,1,2,0,44400
E01029410,East Staffordshire 011D,E02006141,East Staffordshire 011,0.2936,1779,6059.264305,792,55,57,50,44,66,63,74,151,232,1744,838,629,211,54,12,355,188,209,77,190,244,69,48,100,420,34,16,0,5,0,41100
E01029409,East Staffordshire 011C,E02006141,East Staffordshire 011,0.5917,2085,3523.745141,1006,53,52,57,59,98,65,66,190,366,2061,982,778,210,63,28,493,205,217,98,182,320,85,67,175,409,89,42,6,3,0,41100
E01029407,East Staffordshire 011A,E02006141,East Staffordshire 011,0.3361,1710,5087.771497,756,37,42,34,42,62,48,70,130,291,1655,750,638,185,62,20,411,177,159,88,146,214,60,37,92,394,49,10,3,3,0,41100
E01029412,East Staffordshire 006B,E02006136,East Staffordshire 006,2.8943,1302,449.8497046,615,136,154,92,38,51,32,41,27,44,1331,683,457,147,41,3,168,89,152,52,179,482,23,363,120,104,11,7,5,2,0,50300
E01029411,East Staffordshire 006A,E02006136,East Staffordshire 006,55.9295,1450,25.92549549,709,159,121,81,64,117,46,22,28,71,1442,712,529,156,33,12,195,106,162,69,218,402,35,363,148,45,0,6,6,1,1,50300
E01029413,East Staffordshire 013A,E02006143,East Staffordshire 013,0.8069,1409,1746.189119,695,76,89,64,91,76,71,58,77,93,1432,579,555,223,58,17,271,141,182,75,207,300,33,151,382,44,74,1,0,2,1,51000
E01029414,East Staffordshire 013B,E02006143,East Staffordshire 013,1.2404,1723,1389.068043,854,100,131,103,69,80,52,75,101,143,1722,803,627,230,52,10,254,159,205,91,258,398,63,312,280,31,55,4,1,0,1,51000
E01029415,East Staffordshire 013C,E02006143,East Staffordshire 013,0.3908,1647,4214.431934,965,135,168,128,98,93,72,72,79,120,1653,877,575,164,29,8,164,128,211,67,289,434,31,317,161,148,1,1,0,0,0,51000
E01029416,East Staffordshire 013D,E02006143,East Staffordshire 013,4.7051,2970,631.229942,1358,177,302,172,126,116,97,98,135,135,2466,1254,872,275,48,17,271,180,275,126,385,688,33,417,442,120,16,1,0,6,0,51000
E01029417,East Staffordshire 013E,E02006143,East Staffordshire 013,2.5224,2298,911.0371075,1021,145,227,151,95,117,66,55,81,84,2106,1108,727,216,45,10,211,137,194,97,352,567,32,344,315,144,7,0,0,0,0,51000
E01029420,East Staffordshire 012C,E02006142,East Staffordshire 012,0.5447,1688,3098.953552,794,92,142,99,82,75,66,58,84,96,1678,706,635,244,71,22,277,130,183,91,260,432,46,175,298,242,7,5,1,2,1,49600
E01029419,East Staffordshire 012B,E02006142,East Staffordshire 012,0.6239,1648,2641.44895,758,101,147,95,74,73,76,49,59,84,1561,737,564,205,44,11,244,101,217,91,224,397,35,356,256,73,2,1,1,0,0,49600
E01029418,East Staffordshire 012A,E02006142,East Staffordshire 012,0.8469,1988,2347.384579,1043,167,228,145,118,87,86,68,63,81,2025,1004,742,210,56,13,192,151,253,99,352,620,45,686,85,56,2,0,1,1,0,49600
E01029366,Cannock Chase 011D,E02006128,Cannock Chase 011,0.5316,1667,3135.816403,718,170,139,101,78,76,37,48,29,40,1717,746,624,250,80,17,267,137,217,84,267,488,48,640,75,0,38,3,5,2,0,41600
E01029364,Cannock Chase 011B,E02006128,Cannock Chase 011,0.8402,1706,2030.468936,822,149,142,121,102,92,61,48,47,60,1649,759,613,201,57,19,244,135,202,63,295,438,47,348,209,40,135,6,6,6,0,41600
E01029365,Cannock Chase 011C,E02006128,Cannock Chase 011,0.3541,1546,4365.998306,715,83,111,82,77,102,65,51,65,79,1531,667,490,262,77,35,265,161,181,67,241,331,39,205,354,20,103,11,1,12,0,41600
E01029367,Cannock Chase 011E,E02006128,Cannock Chase 011,0.7418,2158,2909.13993,1035,113,128,138,116,157,94,101,71,117,2214,919,760,385,123,27,432,207,311,117,342,395,43,344,338,112,175,3,23,13,1,41600
E01029370,Cannock Chase 001C,E02006118,Cannock Chase 001,15.856,1385,87.34863774,628,126,105,73,75,68,50,41,31,59,1372,591,508,207,54,12,214,121,175,89,211,359,35,366,173,31,8,1,2,1,1,45300
E01029368,Cannock Chase 001A,E02006118,Cannock Chase 001,0.4155,1176,2830.32491,542,83,109,71,55,74,44,22,47,37,1201,547,435,168,40,11,163,116,151,86,170,338,29,453,58,3,5,1,0,0,0,45300
E01029369,Cannock Chase 001B,E02006118,Cannock Chase 001,0.1769,1249,7060.48615,592,55,71,63,59,107,61,53,52,71,1204,519,463,170,39,13,192,133,170,57,229,208,24,137,325,34,3,1,1,0,0,45300
E01029372,Cannock Chase 002A,E02006119,Cannock Chase 002,0.1597,1307,8184.095178,548,21,39,31,26,71,71,66,99,124,1329,513,464,228,103,21,343,166,151,52,168,112,32,34,74,297,105,1,1,4,1,37100
E01029371,Cannock Chase 001D,E02006118,Cannock Chase 001,0.2241,1441,6430.165105,781,76,86,86,72,96,88,72,92,113,1489,678,555,186,51,19,250,151,201,75,239,271,35,159,302,115,50,1,0,0,0,45300
E01029373,Cannock Chase 002B,E02006119,Cannock Chase 002,1.0285,2400,2333.495382,1079,112,110,113,88,145,97,123,123,168,2285,1006,763,337,131,48,457,218,301,93,330,350,55,216,470,120,55,17,3,2,0,37100
E01029374,Cannock Chase 003E,E02006120,Cannock Chase 003,0.7973,2244,2814.498934,1127,120,135,119,89,155,103,93,144,169,2266,1022,779,321,107,37,413,245,283,111,357,372,28,228,474,187,54,3,0,0,0,40200
E01029376,Cannock Chase 010B,E02006127,Cannock Chase 010,0.3991,1745,4372.33776,993,128,156,168,113,130,66,82,73,77,1748,857,631,191,54,15,189,169,262,78,324,368,18,335,158,141,83,4,0,0,0,51600
E01029378,Cannock Chase 010D,E02006127,Cannock Chase 010,0.3246,1607,4950.708564,917,111,128,117,114,131,96,82,59,79,1629,768,601,195,50,15,201,158,191,85,318,351,32,314,290,27,25,5,0,0,0,51600
E01029375,Cannock Chase 010A,E02006127,Cannock Chase 010,0.5453,2374,4353.566844,1319,188,221,224,148,157,108,91,73,109,2386,1277,825,220,55,9,210,222,285,95,437,582,30,544,184,97,62,1,0,1,0,51600
E01029377,Cannock Chase 010C,E02006127,Cannock Chase 010,0.4626,1355,2929.096412,850,101,150,137,107,107,68,66,58,56,1368,777,444,113,31,3,96,88,216,62,283,346,14,341,117,50,3,0,0,0,0,51600
E01029379,Cannock Chase 006A,E02006123,Cannock Chase 006,0.5939,1705,2870.853679,985,144,156,129,99,129,85,65,79,99,1743,855,619,202,48,19,204,173,227,75,310,376,20,325,220,75,44,0,0,1,0,44400
E01029381,Cannock Chase 009B,E02006126,Cannock Chase 009,0.2475,1428,5769.69697,620,53,67,65,59,106,74,51,54,91,1420,506,497,274,99,44,322,157,206,55,185,239,30,114,335,121,105,4,2,5,0,42100
E01029382,Cannock Chase 009C,E02006126,Cannock Chase 009,1.0078,1625,1612.4231,816,84,111,101,80,152,74,66,71,77,1669,695,602,221,105,46,361,128,209,94,265,294,42,272,300,64,100,10,2,16,0,42100
E01029380,Cannock Chase 009A,E02006126,Cannock Chase 009,0.3149,1394,4426.802159,850,118,141,113,100,106,76,68,65,63,1451,760,493,158,32,8,150,141,204,78,250,333,34,277,201,75,7,1,0,0,0,42100
E01029383,Cannock Chase 004A,E02006121,Cannock Chase 004,0.871,2153,2471.871412,1082,122,182,149,108,166,89,103,78,85,1899,926,703,203,54,13,224,177,260,90,342,444,29,374,366,27,5,2,0,1,0,39300
E01029385,Cannock Chase 004B,E02006121,Cannock Chase 004,0.4442,1578,3552.45385,771,87,126,87,69,112,93,66,67,64,1557,692,561,218,66,20,255,160,208,77,263,303,33,183,464,15,12,1,1,0,1,39300
E01034097,Cannock Chase 005E,E02006122,Cannock Chase 005,0.2864,1258,4392.458101,624,87,105,90,62,81,53,51,47,48,1161,577,393,132,47,12,159,116,156,39,183,243,23,200,194,63,5,2,1,1,0,40900
E01034098,Cannock Chase 005F,E02006122,Cannock Chase 005,0.78,2422,3105.128205,1328,153,224,202,112,175,123,118,100,121,2356,1264,826,200,58,8,240,172,315,117,393,540,47,365,398,95,81,7,5,3,0,40900
E01029398,Cannock Chase 006B,E02006123,Cannock Chase 006,8.0624,1632,202.4211153,756,119,145,108,81,84,59,36,60,64,1634,783,524,226,79,22,259,139,186,102,236,403,33,331,322,26,7,4,0,1,1,44400
E01029402,Cannock Chase 001E,E02006118,Cannock Chase 001,0.6753,2150,3183.770176,1008,116,178,124,102,133,99,79,72,105,2141,860,873,306,77,25,367,209,271,104,340,467,60,417,352,118,37,2,2,2,0,45300
E01029401,Cannock Chase 002C,E02006119,Cannock Chase 002,0.312,1522,4878.205128,742,59,81,83,66,97,99,68,88,101,1530,615,564,251,81,19,279,159,232,75,212,264,31,203,339,99,20,0,1,6,0,37100
E01029404,Cannock Chase 002E,E02006119,Cannock Chase 002,0.7077,1633,2307.474919,730,87,87,73,42,91,71,77,72,130,1660,606,576,321,121,36,390,191,203,90,237,303,52,91,169,237,236,44,53,68,19,37100
E01029403,Cannock Chase 002D,E02006119,Cannock Chase 002,0.3409,1369,4015.840422,639,73,80,73,70,78,71,44,72,78,1385,589,498,192,81,25,287,126,182,85,199,213,31,152,275,135,42,2,3,1,0,37100
E01029406,East Staffordshire 001B,E02006131,East Staffordshire 001,43.3212,1278,29.50056785,679,151,109,68,56,137,36,33,44,45,1276,682,398,156,30,10,160,94,154,59,210,381,23,364,98,19,7,0,3,3,1,45300
E01029405,East Staffordshire 001A,E02006131,East Staffordshire 001,27.9691,1636,58.49312277,756,133,149,89,71,109,62,49,47,47,1617,774,570,197,58,18,270,122,176,72,226,470,26,469,134,45,0,1,2,0,2,45300
E01029408,East Staffordshire 011B,E02006141,East Staffordshire 011,0.2262,2434,10760.38904,1146,55,81,60,73,83,94,94,228,378,2388,1202,814,264,88,20,529,204,246,111,228,367,103,57,159,441,189,12,16,12,0,41100
E01029358,Cannock Chase 007E,E02006124,Cannock Chase 007,0.2577,1319,5118.354676,508,29,32,44,42,81,71,41,79,89,1343,552,482,209,80,20,310,138,168,52,116,158,33,40,375,48,40,0,0,0,0,33400
E01029354,Cannock Chase 007A,E02006124,Cannock Chase 007,0.2734,1464,5354.791514,666,64,73,65,54,118,62,59,79,92,1472,519,560,265,109,19,369,128,205,83,191,216,42,97,535,18,8,0,1,6,0,33400
E01029356,Cannock Chase 007C,E02006124,Cannock Chase 007,0.2708,1459,5387.74003,592,47,46,43,51,98,56,57,82,112,1454,523,523,256,112,40,351,129,187,83,190,174,33,48,522,15,44,0,0,2,0,33400
E01029355,Cannock Chase 007B,E02006124,Cannock Chase 007,0.3486,1359,3898.450947,629,40,58,50,65,95,79,56,81,105,1404,506,495,249,121,33,338,136,197,70,194,205,35,132,376,97,30,1,0,1,0,33400
E01029357,Cannock Chase 007D,E02006124,Cannock Chase 007,0.3284,1656,5042.630938,735,62,77,73,59,93,103,82,87,99,1673,680,589,267,103,34,338,160,205,73,243,239,41,83,535,53,0,0,0,2,1,33400
E01029363,Cannock Chase 012E,E02006129,Cannock Chase 012,0.2785,1353,4858.168761,632,55,56,71,60,98,74,66,61,91,1343,468,496,263,102,14,319,132,183,74,186,217,27,40,565,7,54,1,0,1,0,35000
E01029361,Cannock Chase 012C,E02006129,Cannock Chase 012,0.8553,1346,1573.716825,623,45,65,63,62,90,61,48,74,115,1400,518,491,270,96,25,326,146,192,55,202,216,36,69,382,89,71,7,8,1,0,35000
E01029362,Cannock Chase 012D,E02006129,Cannock Chase 012,0.5914,1672,2827.189719,754,54,77,79,67,116,82,63,83,133,1645,654,607,264,95,25,331,184,205,78,232,255,31,38,345,101,231,6,4,4,0,35000
E01029359,Cannock Chase 012A,E02006129,Cannock Chase 012,1.0097,2548,2523.521838,1178,104,165,150,111,169,107,107,121,144,2395,1182,753,319,100,41,420,221,307,103,364,397,44,105,402,244,286,33,9,22,0,35000
E01029360,Cannock Chase 012B,E02006129,Cannock Chase 012,0.5406,1536,2841.287458,662,64,93,79,52,105,63,56,59,91,1522,627,521,262,88,24,355,138,189,67,199,274,41,102,274,116,179,15,5,24,0,35000
E01029348,Cannock Chase 003D,E02006120,Cannock Chase 003,2.8516,1719,602.8194698,826,90,98,82,65,121,82,63,87,138,1740,714,645,253,98,30,325,189,225,91,251,277,50,163,347,149,15,7,10,5,1,40200
E01029345,Cannock Chase 003A,E02006120,Cannock Chase 003,1.5403,2032,1319.223528,1021,122,136,128,87,119,109,75,119,126,2003,951,656,276,87,33,338,188,245,72,319,398,46,227,297,218,60,6,3,6,1,40200
E01029346,Cannock Chase 003B,E02006120,Cannock Chase 003,0.3154,1787,5665.821179,741,45,64,56,48,99,102,69,116,142,1772,689,616,292,127,48,375,193,224,108,216,211,34,40,447,189,84,5,4,2,0,40200
E01029347,Cannock Chase 003C,E02006120,Cannock Chase 003,0.5739,1511,2632.862868,698,89,99,82,60,97,66,55,89,61,1506,647,504,261,72,22,314,134,180,93,232,294,51,129,504,29,22,1,2,0,0,40200
E01029353,Cannock Chase 011A,E02006128,Cannock Chase 011,0.8989,1405,1563.021471,540,62,61,71,56,69,55,43,59,64,1363,457,534,248,87,37,312,145,193,83,177,233,32,260,180,80,140,2,1,2,19,41600
E01029349,Cannock Chase 008A,E02006125,Cannock Chase 008,0.3327,1372,4123.835287,573,49,73,57,51,91,72,52,59,69,1375,511,474,256,105,29,317,146,181,70,175,223,37,82,402,76,91,3,1,3,0,34800
E01029352,Cannock Chase 008D,E02006125,Cannock Chase 008,0.1929,1260,6531.881804,662,61,67,73,60,88,84,62,67,100,1284,526,504,187,49,18,249,132,155,71,207,222,34,32,406,72,53,8,0,3,0,34800
E01029351,Cannock Chase 008C,E02006125,Cannock Chase 008,0.2643,1601,6057.510405,687,55,63,60,50,107,79,68,93,112,1570,684,573,215,72,26,294,186,207,66,203,205,27,60,427,51,77,0,0,1,0,34800
E01029350,Cannock Chase 008B,E02006125,Cannock Chase 008,0.326,1487,4561.349693,634,48,63,44,38,104,88,58,70,121,1506,519,542,286,122,37,408,210,181,76,194,167,40,124,408,52,93,20,5,21,0,34800
E01032898,East Staffordshire 011H,E02006141,East Staffordshire 011,0.6889,1275,1850.7766,627,29,36,35,54,50,41,50,127,205,1275,570,431,180,73,21,313,142,122,75,128,203,74,42,95,164,231,30,18,17,0,41100
E01032897,East Staffordshire 011G,E02006141,East Staffordshire 011,3.399,1567,461.0179465,864,90,129,100,95,110,70,75,89,106,1603,817,550,171,54,11,225,117,212,68,260,341,35,160,109,268,67,14,35,9,45,41100
E01029422,East Staffordshire 001C,E02006131,East Staffordshire 001,11.7695,1347,114.4483623,555,125,135,66,42,58,26,31,26,46,1291,629,407,203,40,12,229,79,166,46,144,391,24,262,174,18,0,0,1,1,0,45300
E01029423,East Staffordshire 001D,E02006131,East Staffordshire 001,1.5149,1569,1035.711928,768,60,76,69,67,127,86,61,101,121,1540,684,530,249,55,22,284,164,190,86,221,274,32,101,299,226,51,1,1,4,0,45300
E01029424,East Staffordshire 006C,E02006136,East Staffordshire 006,18.8731,1068,56.58847778,485,110,94,45,37,71,31,24,34,39,1030,467,350,143,38,32,179,84,114,59,150,291,18,256,130,30,2,0,0,0,15,50300
E01029425,East Staffordshire 006D,E02006136,East Staffordshire 006,21.8994,2295,104.7973917,947,159,155,102,78,138,58,46,68,143,2475,996,929,421,109,20,390,244,382,161,391,666,46,404,133,71,8,1,6,0,1,50300
E01029429,East Staffordshire 008D,E02006138,East Staffordshire 008,0.211,1470,6966.824645,625,34,73,42,37,49,56,66,104,164,1483,602,593,218,55,15,337,166,170,57,155,214,41,38,150,287,5,7,0,1,0,40600
E01029427,East Staffordshire 008B,E02006138,East Staffordshire 008,0.2692,1782,6619.61367,712,30,35,41,49,71,65,67,130,224,1777,728,644,264,102,39,408,198,203,67,178,235,54,27,125,234,304,9,1,15,1,40600
E01029428,East Staffordshire 008C,E02006138,East Staffordshire 008,0.9878,2418,2447.86394,1374,125,208,174,135,155,124,110,134,209,2454,1321,851,211,57,14,280,187,299,96,402,555,46,211,333,328,73,5,0,1,2,40600
E01029426,East Staffordshire 008A,E02006138,East Staffordshire 008,0.455,2392,5257.142857,1091,68,103,72,98,86,73,73,204,314,2343,1139,814,265,94,31,507,222,250,82,250,356,87,102,229,401,163,15,3,9,0,40600
E01029431,East Staffordshire 002B,E02006132,East Staffordshire 002,0.2618,1619,6184.110008,820,60,78,79,55,100,86,74,131,157,1633,744,540,237,89,23,328,162,228,75,208,248,26,25,464,108,75,4,0,3,0,41300
E01029432,East Staffordshire 002C,E02006132,East Staffordshire 002,0.242,1361,5623.966942,630,51,84,43,59,100,73,50,84,86,1387,569,504,251,55,8,267,142,154,88,233,258,36,65,480,68,2,5,1,0,0,41300
E01029430,East Staffordshire 002A,E02006132,East Staffordshire 002,2.2613,2690,1189.581214,1352,186,250,182,115,138,111,106,119,145,2517,1380,824,236,57,20,290,181,295,112,398,639,40,490,381,95,44,2,0,1,1,41300
E01029433,East Staffordshire 002D,E02006132,East Staffordshire 002,1.7062,1531,897.3156723,761,63,83,65,56,118,75,65,108,128,1546,662,562,231,74,17,283,150,191,78,228,274,24,115,326,122,38,2,3,1,1,41300
E01029443,East Staffordshire 004A,E02006134,East Staffordshire 004,3.387,1713,505.7573074,776,173,179,105,74,72,46,36,45,46,1681,794,652,190,29,16,167,119,192,79,225,600,45,412,246,69,4,3,0,0,0,48400
E01029444,East Staffordshire 004B,E02006134,East Staffordshire 004,3.16,1486,470.2531646,659,107,148,89,74,69,41,40,38,53,1542,698,520,233,73,18,221,133,172,95,206,464,36,285,332,69,3,0,1,3,27,48400
E01029446,East Staffordshire 009B,E02006139,East Staffordshire 009,1.6232,2171,1337.481518,1067,120,163,119,98,108,87,64,111,197,2181,1038,770,287,65,21,360,212,240,93,288,451,58,267,334,154,129,12,2,2,1,39000
E01029445,East Staffordshire 009A,E02006139,East Staffordshire 009,0.2971,2663,8963.312016,1268,50,142,95,101,83,89,88,245,375,2596,1235,934,308,87,32,519,255,262,112,276,453,79,53,175,415,317,30,36,26,2,39000
E01029448,East Staffordshire 009D,E02006139,East Staffordshire 009,0.9514,1946,2045.406769,793,50,67,47,57,77,53,63,144,235,1891,849,636,288,91,27,499,178,153,86,209,305,51,48,194,341,148,20,5,2,3,39000
E01029447,East Staffordshire 009C,E02006139,East Staffordshire 009,0.168,1855,11041.66667,773,33,75,44,52,50,60,73,153,233,1800,867,659,189,66,19,389,169,163,73,167,295,76,40,69,339,107,18,14,18,1,39000
E01029449,East Staffordshire 014A,E02006144,East Staffordshire 014,0.4914,1735,3530.728531,774,57,85,78,75,91,72,65,120,131,1695,728,610,253,87,17,296,172,241,105,245,298,44,253,274,140,52,4,1,3,0,36400
E01029453,East Staffordshire 014E,E02006144,East Staffordshire 014,0.2551,1553,6087.808702,646,29,38,37,42,61,70,73,118,178,1531,580,524,281,117,29,354,175,193,69,181,192,52,45,282,98,251,4,0,3,1,36400
E01029451,East Staffordshire 014C,E02006144,East Staffordshire 014,0.41,1792,4370.731707,820,82,95,84,76,98,78,51,101,155,1778,664,673,331,86,24,343,183,222,106,244,345,45,119,194,321,215,12,1,14,0,36400
E01029452,East Staffordshire 014D,E02006144,East Staffordshire 014,0.3746,1606,4287.239722,740,46,56,55,47,87,116,64,107,162,1601,637,571,273,93,27,344,152,239,93,202,234,42,42,295,156,260,6,1,4,0,36400
E01029450,East Staffordshire 014B,E02006144,East Staffordshire 014,0.3026,1520,5023.132849,677,46,48,47,44,81,56,66,119,170,1587,636,543,272,100,36,375,188,175,83,174,202,36,41,349,173,68,2,0,5,0,36400
E01029495,Lichfield 006D,E02006151,Lichfield 006,0.8537,1596,1869.509195,786,109,145,93,76,111,77,61,58,56,1606,716,573,233,62,22,264,146,197,91,300,309,39,276,363,27,7,0,0,1,1,40300
E01029494,Lichfield 006C,E02006151,Lichfield 006,0.3269,1575,4817.987152,753,95,119,75,77,120,68,61,60,78,1556,683,534,242,76,21,293,148,193,85,266,295,38,243,268,113,34,21,1,3,0,40300
E01029493,Lichfield 006B,E02006151,Lichfield 006,0.5467,1871,3422.352296,973,118,173,125,97,147,95,67,60,91,1879,845,691,254,73,16,288,177,248,104,332,409,32,307,289,116,26,0,0,0,68,40300
E01034103,Lichfield 006F,E02006151,Lichfield 006,0.2569,1327,5165.434021,677,87,109,76,72,98,70,46,52,67,1271,606,423,169,55,18,166,110,167,67,197,278,24,112,244,88,93,14,10,24,0,40300
E01034104,Lichfield 006G,E02006151,Lichfield 006,5.3615,2075,387.0185582,944,135,208,125,85,115,77,59,63,77,1844,923,629,222,53,17,242,150,230,82,285,457,30,384,288,47,26,2,1,6,0,40300
E01029496,Lichfield 010A,E02006155,Lichfield 010,0.3687,1942,5267.154868,865,65,94,71,75,142,111,95,92,120,1929,781,641,345,119,43,330,215,275,94,272,289,41,75,375,207,136,23,5,1,0,35200
E01029473,East Staffordshire 006E,E02006136,East Staffordshire 006,38.1054,1604,42.09377149,761,236,121,98,81,91,44,30,26,34,1576,827,542,176,20,11,179,105,194,57,213,569,27,452,135,29,0,0,3,2,1,50300
E01029498,Lichfield 001D,E02006146,Lichfield 001,28.599,2019,70.59687402,994,221,182,127,86,113,62,64,55,84,1975,896,710,269,75,25,290,190,239,97,296,548,36,470,293,62,6,4,2,4,0,45000
E01029501,Lichfield 004C,E02006149,Lichfield 004,0.4488,1592,3547.237077,664,89,114,64,59,69,61,55,45,108,1599,710,604,215,57,13,240,162,183,57,181,427,24,182,203,159,72,10,2,1,1,40100
E01029500,Lichfield 005D,E02006150,Lichfield 005,0.4994,1568,3139.767721,741,102,150,96,93,68,48,55,44,85,1606,686,613,226,68,13,251,150,197,77,233,432,43,325,298,50,65,0,0,1,0,50500
E01029499,Lichfield 004B,E02006149,Lichfield 004,0.2516,1622,6446.740859,703,49,65,76,46,85,74,62,90,156,1662,650,591,271,122,28,399,199,207,61,213,222,38,55,249,239,205,1,0,8,2,40100
E01029504,Lichfield 012D,E02006157,Lichfield 012,1.542,1636,1060.959792,798,100,134,85,71,103,66,67,59,113,1663,754,547,259,92,11,327,170,202,91,233,325,34,111,270,112,292,4,0,12,5,41200
E01029503,Lichfield 012C,E02006157,Lichfield 012,4.0827,1607,393.6120704,724,104,104,88,78,81,59,56,59,95,1585,681,569,244,70,21,297,174,184,94,210,342,37,146,377,104,31,0,0,3,2,41200
E01029502,Lichfield 012B,E02006157,Lichfield 012,1.1366,1689,1486.01091,756,94,92,89,73,96,78,60,83,91,1666,710,605,257,76,18,331,151,214,64,233,312,31,153,413,68,27,5,0,2,0,41200
E01029474,East Staffordshire 006F,E02006136,East Staffordshire 006,1.2352,1159,938.3095855,515,108,118,65,55,49,26,32,21,41,1174,582,414,139,30,9,146,83,149,47,150,392,27,293,204,14,2,0,1,1,1,50300
E01029476,Lichfield 009B,E02006154,Lichfield 009,0.2751,1402,5096.328608,655,88,102,86,77,95,68,53,39,47,1361,568,500,223,52,18,233,122,177,79,229,293,31,196,354,61,3,1,1,5,0,40000
E01029475,Lichfield 009A,E02006154,Lichfield 009,0.419,2039,4866.348449,951,123,166,122,94,130,87,72,51,106,2032,831,760,337,81,23,353,180,264,124,325,425,52,244,547,55,20,2,0,8,1,40000
E01034101,Lichfield 002E,E02006147,Lichfield 002,1.9276,1930,1001.245072,963,175,207,138,95,79,49,69,45,106,1920,1001,608,232,65,14,206,146,206,76,281,568,40,444,158,125,30,0,1,0,6,53100
E01029478,Lichfield 002B,E02006147,Lichfield 002,2.6433,1670,631.786025,689,123,133,88,69,61,58,44,38,75,1519,717,514,214,59,15,252,118,181,73,218,402,33,194,399,47,6,0,1,1,0,53100
E01029477,Lichfield 002A,E02006147,Lichfield 002,16.3575,1637,100.0764175,733,185,179,91,79,58,34,39,19,49,1585,773,565,196,42,9,165,107,199,65,217,593,30,390,213,72,4,1,10,5,6,53100
E01034100,Lichfield 001F,E02006146,Lichfield 001,1.9144,1588,829.5027163,675,100,126,79,61,89,57,37,58,68,1541,583,545,286,105,22,355,135,159,88,218,351,41,192,246,139,68,10,5,4,109,45000
E01029480,Lichfield 001A,E02006146,Lichfield 001,2.1649,2044,944.1544644,1033,113,175,137,97,115,93,75,99,129,1926,883,664,275,80,24,305,167,232,120,306,430,47,269,352,197,6,5,0,1,0,45000
E01029482,Lichfield 001C,E02006146,Lichfield 001,1.0632,1606,1510.534236,715,87,97,93,64,99,83,39,62,91,1574,697,517,240,87,33,272,158,194,86,269,305,35,277,200,93,86,16,0,4,1,45000
E01029483,Lichfield 005A,E02006150,Lichfield 005,0.5378,1502,2792.859799,651,141,214,99,77,32,34,22,6,26,1512,787,541,142,38,4,115,102,127,44,189,652,29,569,35,20,2,1,0,0,1,50500
E01029485,Lichfield 005C,E02006150,Lichfield 005,0.3293,1456,4421.500152,656,108,189,125,63,40,32,32,23,44,1424,708,509,167,30,10,126,109,129,38,212,578,27,423,201,24,7,1,1,0,0,50500
E01029437,East Staffordshire 007D,E02006137,East Staffordshire 007,0.4702,2862,6086.771587,1255,108,166,109,100,106,135,95,181,255,2773,1256,938,355,143,81,508,230,293,97,337,514,84,156,409,332,154,2,1,3,0,38900
E01029438,East Staffordshire 007E,E02006137,East Staffordshire 007,0.2575,1468,5700.970874,631,67,109,64,66,72,62,37,65,89,1434,608,537,222,59,8,276,122,165,100,187,323,26,147,356,119,13,0,0,0,0,38900
E01029434,East Staffordshire 007A,E02006137,East Staffordshire 007,0.2346,1673,7131.287298,761,63,91,74,50,80,82,60,99,162,1619,733,566,230,77,13,272,167,224,82,202,257,42,35,203,356,24,9,4,8,1,38900
E01029435,East Staffordshire 007B,E02006137,East Staffordshire 007,0.4979,1490,2992.568789,701,62,132,78,69,76,80,47,71,86,1496,669,498,224,74,31,275,121,174,95,218,324,46,104,414,88,20,5,4,0,0,38900
E01029436,East Staffordshire 007C,E02006137,East Staffordshire 007,0.351,1847,5262.108262,800,42,89,58,59,72,81,75,134,190,1836,749,651,306,90,40,353,187,244,81,220,276,70,37,151,368,252,6,0,7,0,38900
E01029440,East Staffordshire 015B,E02006145,East Staffordshire 015,25.298,1299,51.34793264,640,156,115,101,58,74,37,23,32,44,1288,668,466,114,31,9,113,83,169,63,199,418,22,270,154,86,1,5,5,0,0,50200
E01029442,East Staffordshire 015D,E02006145,East Staffordshire 015,0.6731,1715,2547.912643,812,186,230,129,68,53,26,48,28,44,1695,903,580,150,49,13,144,90,168,50,207,623,14,422,164,34,31,2,1,1,0,50200
E01029441,East Staffordshire 015C,E02006145,East Staffordshire 015,18.9975,1672,88.01158047,753,189,155,79,63,64,40,55,37,71,1593,736,555,212,74,16,195,116,184,83,212,540,28,263,247,95,80,2,5,5,39,50200
E01029439,East Staffordshire 015A,E02006145,East Staffordshire 015,0.4535,1433,3159.867696,616,78,132,77,69,82,41,32,41,64,1388,596,532,203,44,13,201,105,160,74,199,401,35,222,392,7,0,0,0,3,0,50200
E01029458,East Staffordshire 005E,E02006135,East Staffordshire 005,1.1526,1783,1546.937359,842,106,154,114,81,98,79,54,81,75,1818,861,649,235,56,17,266,138,193,103,266,469,30,346,337,70,4,1,0,2,0,47300
E01029455,East Staffordshire 005B,E02006135,East Staffordshire 005,1.1115,1694,1524.066577,845,96,156,107,110,95,77,62,69,73,1716,776,632,235,61,12,229,159,228,102,296,396,46,372,343,29,0,0,0,0,1,47300
E01029454,East Staffordshire 005A,E02006135,East Staffordshire 005,0.6692,1558,2328.153019,672,116,157,108,66,68,46,34,34,43,1546,779,508,207,42,10,168,114,168,78,246,500,33,565,62,5,0,1,0,1,1,47300
E01029457,East Staffordshire 005D,E02006135,East Staffordshire 005,0.2436,1277,5242.200328,702,88,117,89,84,79,54,56,60,75,1276,631,468,145,28,4,143,116,163,82,211,325,19,290,206,22,14,3,0,0,0,47300
E01029456,East Staffordshire 005C,E02006135,East Staffordshire 005,0.5749,1345,2339.537311,635,83,83,72,57,76,71,64,53,76,1403,519,570,231,65,18,261,141,196,90,219,317,22,197,297,163,67,6,0,8,1,47300
E01029484,Lichfield 005B,E02006150,Lichfield 005,0.7759,1670,2152.339219,820,131,193,128,97,64,49,50,37,71,1694,752,622,251,51,18,238,127,198,73,270,549,38,262,267,141,152,9,7,1,2,50500
E01029462,East Staffordshire 003D,E02006133,East Staffordshire 003,2.6359,1746,662.3923518,788,107,149,99,77,78,70,58,62,88,1678,704,586,302,69,17,321,142,202,84,242,408,26,259,237,162,59,2,0,6,0,43900
E01029460,East Staffordshire 003B,E02006133,East Staffordshire 003,4.727,1715,362.8093928,877,131,184,108,82,81,72,63,68,88,1736,838,602,217,58,21,224,129,209,54,268,553,34,361,114,124,185,19,9,21,0,43900
E01029461,East Staffordshire 003C,E02006133,East Staffordshire 003,0.943,1953,2071.049841,1058,128,147,115,78,118,114,90,128,140,1979,905,667,285,85,37,332,189,264,96,302,431,40,228,262,291,67,1,8,15,0,43900
E01029459,East Staffordshire 003A,E02006133,East Staffordshire 003,1.3645,1633,1196.775376,880,117,186,107,99,84,51,84,75,77,1544,780,597,137,23,7,150,101,217,65,284,437,14,357,217,70,3,0,0,0,0,43900
E01029463,East Staffordshire 004C,E02006134,East Staffordshire 004,18.7176,1286,68.70538958,644,147,140,84,59,66,33,38,32,45,1238,658,408,130,37,5,132,94,152,60,187,378,22,287,158,40,5,6,3,0,0,48400
E01029487,Lichfield 006A,E02006151,Lichfield 006,0.4491,1630,3629.481185,666,65,74,67,43,108,84,58,75,92,1617,604,563,309,117,24,375,175,200,84,224,246,29,96,384,91,160,6,2,6,1,40300
E01029486,Lichfield 003A,E02006148,Lichfield 003,0.2971,1431,4816.560081,608,67,111,66,65,112,39,37,49,62,1417,533,548,237,81,18,226,139,179,94,214,321,35,310,186,56,52,2,0,11,1,48000
E01029488,Lichfield 012A,E02006157,Lichfield 012,43.0863,2440,56.63052989,1012,201,166,135,93,125,75,46,61,110,2320,1117,892,241,52,18,299,315,369,98,312,529,105,328,289,61,4,4,3,1,4,41200
E01029489,Lichfield 009C,E02006154,Lichfield 009,0.3147,1481,4706.069272,644,72,99,74,68,108,63,54,46,60,1515,586,565,266,74,24,329,153,181,96,241,295,48,218,420,15,2,0,2,7,0,40000
E01029490,Lichfield 009D,E02006154,Lichfield 009,0.4101,1392,3394.294075,681,85,101,81,67,91,63,58,63,72,1417,581,567,194,60,15,239,156,179,86,240,258,38,130,431,31,37,0,1,2,0,40000
E01029491,Lichfield 007A,E02006152,Lichfield 007,0.333,1722,5171.171171,780,93,152,128,75,95,46,58,50,83,1755,813,626,221,65,30,228,146,200,76,228,519,39,194,285,171,119,1,10,5,0,49900
E01029492,Lichfield 004A,E02006149,Lichfield 004,0.9224,1991,2158.499566,780,56,65,49,37,85,109,108,89,182,1982,863,651,299,134,35,417,206,237,75,192,298,39,50,238,222,245,21,0,2,0,40100
E01029466,East Staffordshire 004F,E02006134,East Staffordshire 004,2.3181,2344,1011.172943,1160,196,272,157,106,99,77,79,72,102,2309,1263,768,209,59,10,204,190,268,102,372,664,40,610,199,66,4,0,0,1,1,48400
E01029464,East Staffordshire 004D,E02006134,East Staffordshire 004,1.0375,1540,1484.337349,687,85,118,78,66,85,70,51,60,74,1535,634,545,259,76,21,309,131,169,83,194,355,37,135,336,152,59,5,7,13,2,48400
E01029465,East Staffordshire 004E,E02006134,East Staffordshire 004,2.1997,2164,983.7705142,1090,177,256,162,108,98,81,61,70,77,2139,1062,732,253,75,17,237,156,219,110,324,688,40,548,155,171,65,12,8,8,1,48400
E01029506,Lichfield 009F,E02006154,Lichfield 009,0.3573,1755,4911.838791,706,86,121,98,67,122,59,52,41,60,1730,664,653,298,93,22,369,169,205,126,238,360,53,201,498,25,29,2,1,1,4,40000
E01029505,Lichfield 009E,E02006154,Lichfield 009,8.6699,1611,185.815292,768,162,148,98,82,90,45,47,40,56,1583,731,548,216,70,18,276,146,192,73,243,422,35,333,268,52,11,4,2,0,1,40000
E01029507,Lichfield 003B,E02006148,Lichfield 003,2.6095,1613,618.1260778,808,163,174,131,97,86,41,41,23,52,1622,846,567,176,30,3,154,134,198,93,247,527,24,501,111,17,17,1,6,1,1,48000
E01029508,Lichfield 003C,E02006148,Lichfield 003,3.6681,2217,604.4000981,1089,223,235,132,117,107,68,69,61,77,2264,1120,820,248,62,14,258,181,273,95,363,657,62,587,193,80,65,7,8,1,2,48000
E01029509,Lichfield 002D,E02006147,Lichfield 002,32.099,1751,54.54998598,759,189,146,91,82,96,40,36,31,48,1694,800,593,187,82,32,242,127,198,75,241,547,51,490,133,45,14,3,1,1,16,53100
E01029512,Lichfield 007C,E02006152,Lichfield 007,2.1238,2231,1050.475563,1065,220,329,168,82,63,48,54,36,65,2164,1236,633,225,55,15,202,142,190,65,276,834,31,403,243,153,87,15,4,2,0,49900
E01029511,Lichfield 007B,E02006152,Lichfield 007,0.479,1606,3352.818372,754,129,198,103,64,79,53,39,31,58,1572,723,596,205,41,7,163,114,179,50,220,552,47,190,335,93,56,1,20,0,0,49900
E01032899,Lichfield 004F,E02006149,Lichfield 004,0.8273,1791,2164.873685,707,148,174,94,63,36,44,53,27,68,1792,712,610,326,117,27,296,143,162,79,204,659,66,168,97,142,555,30,50,7,2,40100
E01029514,Lichfield 011B,E02006156,Lichfield 011,3.8488,1591,413.3755976,760,241,232,81,83,29,30,35,7,22,1635,877,525,168,53,12,179,97,172,37,206,658,42,353,133,10,126,3,2,1,1,53700
E01029467,East Staffordshire 001E,E02006131,East Staffordshire 001,39.7547,2020,50.81160215,985,148,161,105,81,161,80,60,94,95,2020,943,716,272,67,22,325,139,222,99,292,629,49,436,244,200,22,0,8,2,1,45300
E01029469,East Staffordshire 010B,E02006140,East Staffordshire 010,0.6578,1780,2705.989663,838,115,117,115,78,96,74,68,75,100,1791,815,633,261,68,14,242,170,202,102,290,465,38,431,224,101,4,1,12,3,0,43400
E01029472,East Staffordshire 010E,E02006140,East Staffordshire 010,0.3259,1580,4848.112918,643,52,68,69,46,60,83,44,91,130,1576,615,573,277,91,20,281,158,196,77,219,287,32,141,335,127,31,0,1,1,0,43400
E01029468,East Staffordshire 010A,E02006140,East Staffordshire 010,0.3301,1606,4865.192366,653,46,46,38,51,84,83,54,98,153,1657,672,595,259,98,33,343,170,200,65,146,223,54,45,217,164,251,2,0,4,1,43400
E01029470,East Staffordshire 010C,E02006140,East Staffordshire 010,0.4408,1553,3523.139746,770,89,105,59,76,78,79,54,103,127,1606,713,607,204,69,13,238,156,202,88,242,329,28,175,202,208,37,9,0,2,0,43400
E01029471,East Staffordshire 010D,E02006140,East Staffordshire 010,0.6055,1799,2971.098266,886,127,191,100,80,79,73,61,74,101,1758,837,594,227,84,16,244,131,207,68,262,531,34,244,182,207,47,25,8,8,0,43400
E01029513,Lichfield 011A,E02006156,Lichfield 011,2.1867,1424,651.2095852,684,209,192,79,74,29,24,47,12,18,1426,806,463,113,34,10,177,88,163,39,166,539,40,468,32,2,6,2,0,5,1,53700
E01029515,Lichfield 003D,E02006148,Lichfield 003,24.569,1891,76.96690952,908,243,168,137,85,94,50,48,29,54,1848,887,680,215,55,11,226,143,227,110,259,614,43,536,194,32,17,5,6,7,2,48000
E01029516,Lichfield 008A,E02006153,Lichfield 008,42.0774,2013,47.84040839,958,207,214,120,81,115,61,57,37,66,2018,1006,694,238,63,17,297,141,256,71,298,605,39,447,284,69,17,6,0,3,5,52300
E01029517,Lichfield 008B,E02006153,Lichfield 008,19.544,2124,108.6778551,1038,222,213,125,104,111,63,67,59,74,2081,1107,689,220,49,16,223,157,276,77,274,660,33,405,303,127,14,5,4,3,1,52300
E01029520,Lichfield 005E,E02006150,Lichfield 005,0.8102,1540,1900.765243,682,148,238,101,68,33,27,30,13,24,1560,835,538,152,29,6,108,77,164,30,166,737,12,562,18,28,0,0,1,0,0,50500
E01029519,Lichfield 007E,E02006152,Lichfield 007,0.5349,2164,4045.616003,1056,151,249,167,107,92,78,64,49,99,2140,1042,708,277,89,24,282,157,237,79,319,661,41,164,351,255,176,25,2,7,0,49900
E01029518,Lichfield 007D,E02006152,Lichfield 007,2.9466,3162,1073.101201,1386,282,405,234,129,88,60,68,36,84,2768,1510,901,265,77,15,204,152,256,83,361,1140,42,540,271,167,168,11,21,1,0,49900
E01029522,Lichfield 011D,E02006156,Lichfield 011,10.9427,1597,145.9420436,703,160,159,87,65,73,45,33,29,52,1614,734,589,215,57,19,288,118,208,79,203,454,37,224,296,63,51,5,4,5,1,53700
E01029521,Lichfield 011C,E02006156,Lichfield 011,11.5242,1674,145.2595408,818,199,189,126,82,62,45,33,33,49,1725,884,581,191,52,17,196,123,205,72,232,607,30,462,193,49,9,2,2,2,0,53700
E01029843,Tamworth 007C,E02006223,Tamworth 007,0.2717,1431,5266.838425,632,37,34,47,60,65,58,91,106,134,1446,606,493,259,64,24,344,190,193,53,173,128,34,25,160,332,23,3,2,0,0,33300
E01029523,Lichfield 011E,E02006156,Lichfield 011,8.8671,1568,176.833463,727,135,162,90,84,80,50,35,39,52,1565,745,540,227,38,15,208,124,193,88,219,444,34,296,313,20,14,0,0,7,2,53700
E01029524,Lichfield 005F,E02006150,Lichfield 005,0.4253,1757,4131.201505,795,105,174,88,69,85,59,53,55,107,1781,759,598,251,120,53,275,166,200,74,230,527,36,143,296,127,199,10,4,5,0,50500
E01029525,Lichfield 005G,E02006150,Lichfield 005,0.7632,1889,2475.104822,864,121,177,112,77,93,64,55,62,103,1875,781,704,279,73,38,289,177,185,91,275,551,53,283,341,208,17,0,3,4,2,50500
E01029526,Lichfield 004E,E02006149,Lichfield 004,0.6923,1692,2444.027156,735,109,172,100,48,78,53,46,47,82,1654,622,603,309,98,22,337,131,176,79,189,531,64,65,184,254,374,40,27,41,2,40100
E01029527,Lichfield 010B,E02006155,Lichfield 010,0.2186,1252,5727.355901,498,38,62,46,43,79,59,30,56,85,1212,449,450,199,84,30,244,145,169,45,156,174,35,42,268,82,147,11,0,2,0,35200
E01029528,Lichfield 010C,E02006155,Lichfield 010,0.3649,1395,3822.965196,608,74,64,48,58,101,78,55,62,68,1315,531,527,180,64,13,228,142,183,88,203,178,38,111,201,189,28,10,0,3,3,35200
E01029529,Lichfield 010D,E02006155,Lichfield 010,0.1288,1228,9534.161491,645,55,73,75,50,98,76,56,83,79,1274,589,463,169,44,9,166,103,169,79,230,189,26,11,159,328,2,4,1,0,0,35200
E01029531,Lichfield 008D,E02006153,Lichfield 008,10.1741,1668,163.9457053,765,181,179,93,82,62,47,49,28,44,1678,832,579,210,47,10,194,109,212,84,238,592,24,348,259,66,13,4,2,3,0,52300
E01034106,Lichfield 008F,E02006153,Lichfield 008,11.5289,1880,163.0684627,973,163,238,201,86,76,75,41,43,50,1798,950,632,157,51,8,158,103,201,55,302,607,16,273,221,116,84,8,1,1,1,52300
E01029822,Tamworth 003C,E02006219,Tamworth 003,0.2927,1497,5114.451657,878,151,167,126,114,80,54,67,59,60,1490,871,473,109,26,11,120,136,207,54,274,374,22,410,64,16,34,6,0,0,0,44000
E01029823,Tamworth 004A,E02006220,Tamworth 004,0.2892,1470,5082.987552,646,71,87,78,70,91,54,42,71,82,1421,553,531,241,72,24,328,148,175,86,233,224,44,72,498,51,18,3,1,5,0,39800
E01029820,Tamworth 003A,E02006219,Tamworth 003,1.4689,2570,1749.608551,1191,149,199,150,108,98,100,108,119,160,2328,1196,762,260,77,33,349,192,304,74,376,487,41,382,208,254,69,4,0,1,0,44000
E01029869,Tamworth 010E,E02006226,Tamworth 010,0.4536,1613,3555.996473,728,93,95,92,71,94,61,67,69,86,1585,701,544,250,72,18,284,159,219,70,250,263,29,120,470,47,15,2,1,0,0,44500
E01029842,Tamworth 007B,E02006223,Tamworth 007,0.1921,1221,6356.06455,539,30,38,35,47,56,63,71,63,136,1249,526,427,197,75,24,267,149,187,45,144,122,22,16,217,150,102,7,0,3,0,33300
E01029844,Tamworth 004E,E02006220,Tamworth 004,0.3193,1227,3842.781084,626,75,86,71,66,74,57,54,68,75,1181,530,426,177,44,4,204,136,152,61,188,218,36,101,379,6,3,0,0,0,0,39800
E01029845,Tamworth 007D,E02006223,Tamworth 007,0.1786,986,5520.716685,329,17,19,22,18,30,57,41,40,85,1069,400,346,223,71,29,247,115,157,37,97,101,19,18,95,182,148,1,0,0,0,33300
E01032902,Tamworth 010G,E02006226,Tamworth 010,0.5961,1343,2252.977688,717,71,94,81,91,80,59,65,89,87,1331,596,469,189,61,16,229,136,196,57,230,240,26,121,271,86,101,5,1,9,0,44500
E01029841,Tamworth 003E,E02006219,Tamworth 003,0.2866,1371,4783.670621,646,72,65,75,72,70,42,64,104,82,1385,578,463,248,79,17,320,163,182,76,181,216,51,185,295,98,34,0,0,0,0,44000
E01029865,Tamworth 008E,E02006224,Tamworth 008,0.7689,1578,2052.282481,899,143,128,142,80,98,67,70,74,97,1605,799,593,152,44,17,186,144,250,79,252,399,25,400,168,8,29,1,0,0,0,47900
E01029867,Tamworth 010C,E02006226,Tamworth 010,0.3679,1689,4590.921446,732,48,80,79,82,90,77,67,100,109,1624,708,588,221,75,32,294,194,207,71,222,241,28,91,289,239,62,3,7,6,0,44500
E01029868,Tamworth 010D,E02006226,Tamworth 010,0.4186,1374,3282.369804,730,108,112,109,80,77,56,61,58,69,1374,649,512,165,38,10,174,135,222,52,253,291,22,324,190,7,1,2,0,1,0,44500
E01032122,Bromsgrove 009A,E02006704,Bromsgrove 009,16.6501,2334,140.1793383,1046,257,287,153,103,86,47,44,33,36,2310,1218,715,277,79,21,311,140,231,86,276,787,49,371,292,124,24,0,4,16,53,49600
E01032124,Bromsgrove 009C,E02006704,Bromsgrove 009,1.6021,1573,981.8363398,745,107,185,117,62,72,62,53,29,58,1571,739,548,206,59,19,229,112,189,66,203,480,29,145,262,200,93,6,1,1,18,49600
E01032125,Bromsgrove 009D,E02006704,Bromsgrove 009,1.2529,1508,1203.60763,692,99,206,103,59,80,42,34,21,48,1485,789,502,147,35,12,183,95,162,63,158,487,12,86,419,97,4,2,0,0,0,49600
E01032123,Bromsgrove 009B,E02006704,Bromsgrove 009,19.1997,1617,84.22006594,732,169,171,89,69,75,65,38,25,31,1566,785,550,181,30,20,261,102,172,77,208,507,34,410,124,24,3,11,5,3,84,49600
E01032126,Bromsgrove 003A,E02006698,Bromsgrove 003,2.1692,2058,948.7368615,887,125,189,115,101,104,75,66,52,60,2061,921,698,298,100,44,328,172,220,134,330,506,43,266,505,53,17,5,0,0,2,44200
E01032129,Bromsgrove 007C,E02006702,Bromsgrove 007,0.6965,1460,2096.195262,679,91,134,84,54,82,77,52,38,67,1397,678,471,175,60,13,201,139,170,56,209,305,22,180,256,75,22,0,0,1,0,42200
E01029824,Tamworth 003D,E02006219,Tamworth 003,0.365,1822,4991.780822,715,53,49,63,67,80,72,88,84,159,1740,738,572,282,119,29,332,224,265,62,206,214,25,72,166,332,118,7,0,3,0,44000
E01029821,Tamworth 003B,E02006219,Tamworth 003,2.2905,1383,603.7982973,637,77,78,95,63,81,57,47,71,68,1377,554,516,220,69,18,282,160,188,68,232,260,30,158,288,80,52,2,3,3,43,44000
E01029847,Tamworth 001B,E02006217,Tamworth 001,0.5004,1360,2717.825739,630,104,113,85,67,75,44,45,48,49,1362,618,503,174,54,13,242,130,158,80,226,315,31,468,85,3,13,1,0,3,0,43800
E01029848,Tamworth 001C,E02006217,Tamworth 001,0.8508,1186,1393.982134,536,75,75,70,58,64,57,37,42,58,1186,476,501,150,45,14,194,129,143,65,202,238,39,248,221,5,26,0,0,2,0,43800
E01029850,Tamworth 002D,E02006218,Tamworth 002,0.6142,1285,2092.152393,641,41,32,52,59,72,71,70,84,160,1333,551,436,243,82,21,287,172,195,42,208,147,29,10,232,266,74,5,1,0,1,35800
E01029846,Tamworth 001A,E02006217,Tamworth 001,0.358,1692,4726.256983,858,88,139,102,80,100,91,66,69,123,1676,811,558,229,65,13,276,145,208,68,291,308,52,182,310,174,4,1,0,1,0,43800
E01029849,Tamworth 002C,E02006218,Tamworth 002,0.2582,1563,6053.44694,604,72,61,59,46,68,59,65,73,101,1558,679,513,232,103,31,300,167,221,69,156,251,29,83,184,161,257,0,0,6,1,35800
E01029852,Tamworth 001D,E02006217,Tamworth 001,0.4583,1730,3774.819987,777,83,99,64,74,81,86,80,84,126,1754,713,643,266,106,26,305,187,251,85,265,321,27,150,380,118,84,9,2,5,0,43800
E01029853,Tamworth 001E,E02006217,Tamworth 001,0.3526,1752,4968.803176,774,84,127,97,71,76,59,73,93,94,1740,774,582,268,91,25,318,172,219,75,214,364,44,114,282,160,97,10,22,2,0,43800
E01029854,Tamworth 001F,E02006217,Tamworth 001,3.3842,2885,852.4909875,1254,176,247,186,152,123,108,86,75,101,2489,1310,865,252,51,11,289,191,313,93,446,611,50,454,440,101,6,5,1,3,0,43800
E01029851,Tamworth 002E,E02006218,Tamworth 002,0.5686,2136,3756.595146,1095,102,150,102,103,113,97,96,123,209,2159,986,730,311,103,29,423,239,285,77,305,426,59,147,289,291,200,52,0,3,1,35800
E01029826,Tamworth 006B,E02006222,Tamworth 006,0.3861,1726,4470.34447,871,101,106,104,94,106,72,88,96,104,1731,784,616,247,68,16,321,178,249,105,269,305,41,214,368,138,17,2,0,1,0,39500
E01029827,Tamworth 006C,E02006222,Tamworth 006,0.2714,1476,5438.467207,620,46,61,38,49,58,66,73,75,154,1490,580,523,244,96,47,379,170,184,67,163,168,37,18,76,373,69,7,0,3,0,39500
E01029825,Tamworth 006A,E02006222,Tamworth 006,0.2529,1261,4986.160538,654,64,42,77,72,81,60,67,85,106,1257,581,459,158,43,16,250,141,174,74,185,187,34,65,439,9,0,1,0,1,0,39500
E01029828,Tamworth 006D,E02006222,Tamworth 006,0.2316,1248,5388.601036,541,25,23,39,39,69,63,55,79,149,1272,539,460,194,59,20,285,143,183,48,134,130,24,13,47,322,70,7,2,1,0,39500
E01029829,Tamworth 010A,E02006226,Tamworth 010,0.7755,2130,2746.615087,1129,130,145,142,119,118,100,101,110,164,2168,1036,757,273,75,27,302,226,308,92,343,360,43,122,395,254,78,0,0,0,0,44500
E01029833,Tamworth 005A,E02006221,Tamworth 005,0.3512,1559,4439.066059,882,115,134,117,100,104,60,69,88,95,1616,795,543,222,37,19,218,164,225,71,272,354,31,272,231,103,82,2,0,2,1,47300
E01029830,Tamworth 006E,E02006222,Tamworth 006,0.1884,1178,6252.653928,567,43,57,64,53,55,53,61,75,106,1158,522,423,136,63,14,227,135,159,30,160,187,25,37,195,191,86,11,6,5,0,39500
E01029832,Tamworth 004C,E02006220,Tamworth 004,0.3387,1606,4741.659286,751,70,73,81,85,103,65,66,83,125,1598,658,612,215,78,35,324,181,215,73,234,268,44,128,427,95,46,1,1,0,0,39800
E01029834,Tamworth 004D,E02006220,Tamworth 004,0.3682,1648,4475.828354,715,57,81,65,65,90,80,64,82,131,1623,700,525,277,85,36,333,162,236,75,223,233,32,104,450,32,84,26,1,5,1,39800
E01032128,Bromsgrove 007B,E02006702,Bromsgrove 007,0.3314,1477,4456.849728,667,83,124,88,68,114,74,33,38,45,1441,653,479,230,63,16,225,154,154,78,217,344,31,154,256,148,84,3,0,8,1,42200
E01032127,Bromsgrove 007A,E02006702,Bromsgrove 007,0.9596,1768,1842.434348,894,122,177,113,119,100,83,56,49,75,1745,839,564,230,96,16,252,152,196,74,243,467,56,317,164,233,47,1,1,2,2,42200
E01032132,Bromsgrove 013C,E02006708,Bromsgrove 013,0.395,2054,5200,888,67,117,95,65,140,120,80,82,122,2013,799,712,337,128,37,365,223,294,103,252,342,39,14,567,141,192,13,1,4,0,42100
E01032131,Bromsgrove 013B,E02006708,Bromsgrove 013,0.2386,1564,6554.903604,691,67,127,68,51,83,74,62,50,109,1618,760,557,200,84,17,275,148,200,62,183,330,38,132,134,221,145,8,0,2,0,42100
E01034316,Bromsgrove 013E,E02006708,Bromsgrove 013,0.2305,1270,5509.761388,812,104,219,140,88,66,57,53,36,49,1317,762,420,102,26,7,92,109,158,39,208,431,12,67,136,245,166,6,0,7,1,42100
E01034317,Bromsgrove 013F,E02006708,Bromsgrove 013,0.6657,1485,2230.734565,738,93,147,107,58,83,78,46,51,75,1430,729,478,154,58,11,181,136,192,55,181,346,28,97,248,149,77,3,5,0,0,42100
E01032135,Bromsgrove 004B,E02006699,Bromsgrove 004,0.4268,1585,3713.683224,764,135,199,109,91,84,40,39,31,36,1568,794,568,169,30,7,165,134,179,67,252,484,28,308,235,80,6,6,0,1,0,45400
E01032134,Bromsgrove 005A,E02006700,Bromsgrove 005,7.0834,1684,237.7389389,719,136,153,101,91,72,47,38,37,44,1631,687,538,289,100,17,329,144,183,104,216,393,63,285,277,37,12,4,5,1,6,50100
E01032133,Bromsgrove 004A,E02006699,Bromsgrove 004,0.2589,1597,6168.404789,639,66,126,74,71,70,70,52,45,65,1599,691,569,230,82,27,307,111,209,76,209,299,33,197,163,187,184,3,1,0,0,45400
E01032137,Bromsgrove 002B,E02006697,Bromsgrove 002,8.4941,1582,186.2469243,753,187,189,114,63,61,41,36,22,40,1588,828,516,181,36,27,205,101,168,62,228,519,23,215,263,143,28,8,8,3,0,49700
E01032136,Bromsgrove 002A,E02006697,Bromsgrove 002,11.8728,1330,112.0207533,679,171,185,101,67,50,32,25,8,40,1314,732,391,124,34,33,162,81,152,40,145,513,24,310,124,51,13,5,18,4,1,49700
E01029858,Tamworth 008D,E02006224,Tamworth 008,0.3037,1502,4945.670069,795,93,119,95,110,85,56,60,69,108,1476,675,573,168,48,12,210,143,211,88,228,305,51,395,169,30,22,9,0,1,0,47900
E01029855,Tamworth 008A,E02006224,Tamworth 008,0.4449,1538,3456.956619,752,102,113,85,90,74,55,59,64,110,1508,719,525,189,59,16,183,160,220,62,250,307,34,364,128,78,8,0,0,0,1,47900
E01029859,Tamworth 007E,E02006223,Tamworth 007,0.3006,1733,5765.136394,739,53,34,46,58,80,87,85,115,181,1742,730,597,271,114,30,344,197,267,68,203,193,42,34,227,319,118,13,0,3,0,33300
E01029856,Tamworth 008B,E02006224,Tamworth 008,0.4379,1393,3181.091573,773,83,87,96,101,107,48,71,80,100,1431,626,540,192,61,12,206,182,198,62,249,225,26,80,437,69,1,0,0,0,0,47900
E01029857,Tamworth 008C,E02006224,Tamworth 008,0.5088,1521,2989.386792,743,69,84,71,77,71,61,70,89,151,1472,694,506,193,58,21,270,167,206,75,205,217,27,78,246,195,89,1,0,0,0,47900
E01029860,Tamworth 009A,E02006225,Tamworth 009,0.2361,1320,5590.851334,680,87,126,83,82,84,60,42,56,60,1319,681,442,152,31,13,178,147,173,62,220,269,30,298,227,10,1,0,0,0,0,46700
E01029864,Tamworth 009E,E02006225,Tamworth 009,0.5298,1576,2974.707437,774,122,139,92,102,76,62,72,58,51,1583,769,572,184,51,7,253,151,198,76,245,373,46,461,118,48,19,4,6,0,0,46700
E01029863,Tamworth 009D,E02006225,Tamworth 009,0.3671,1801,4906.020158,935,101,144,122,90,102,74,90,92,120,1811,835,650,260,54,12,328,211,241,88,266,327,28,183,329,176,33,4,1,3,43,46700
E01029861,Tamworth 009B,E02006225,Tamworth 009,0.7062,1356,1920.135939,589,73,93,65,72,62,55,46,56,67,1331,563,452,228,65,23,261,124,171,62,194,269,30,176,300,51,51,8,0,2,0,46700
E01029862,Tamworth 009C,E02006225,Tamworth 009,1.1001,1277,1160.803563,686,102,121,90,99,66,40,47,50,71,1293,673,438,140,32,10,145,143,179,68,215,273,32,255,226,8,0,0,0,0,0,46700
E01029831,Tamworth 004B,E02006220,Tamworth 004,0.3322,1507,4536.423841,714,58,77,76,82,82,57,81,80,121,1512,659,525,219,89,20,295,173,194,70,243,228,36,70,333,149,49,37,7,0,0,39800
E01029838,Tamworth 005C,E02006221,Tamworth 005,0.6273,1535,2446.995058,861,81,96,93,84,81,52,103,96,175,1539,744,529,199,49,18,295,171,192,63,231,305,44,111,178,281,119,15,4,3,0,47300
E01029835,Tamworth 002A,E02006218,Tamworth 002,0.8276,1717,2074.673755,708,50,56,70,56,63,65,82,88,178,1698,537,552,380,167,62,594,172,188,94,214,235,55,27,59,152,659,47,40,42,49,35800
E01029836,Tamworth 002B,E02006218,Tamworth 002,1.9452,2086,1072.383302,916,97,151,131,101,87,67,77,77,128,1701,859,561,195,62,24,241,184,241,69,273,371,17,203,205,188,161,7,3,0,0,35800
E01029837,Tamworth 005B,E02006221,Tamworth 005,1.5822,1499,947.4149918,776,90,116,103,80,81,63,65,72,106,1522,695,540,204,58,25,259,164,205,84,227,296,26,177,300,68,71,42,1,3,0,47300
E01029839,Tamworth 005D,E02006221,Tamworth 005,0.228,1128,4947.368421,626,107,131,99,71,54,34,41,39,50,1135,580,400,119,29,7,114,87,150,66,217,312,12,365,60,14,3,0,1,1,0,47300
E01029840,Tamworth 007A,E02006223,Tamworth 007,0.2858,1321,4622.113366,524,26,28,36,32,51,62,71,72,146,1356,621,442,196,77,20,303,147,186,37,130,123,32,23,60,352,13,1,0,7,0,33300
E01032138,Bromsgrove 001A,E02006696,Bromsgrove 001,1.7081,1671,978.2799602,744,209,245,84,74,33,31,27,17,24,1628,880,538,166,34,10,152,116,195,43,190,620,15,433,120,23,50,3,0,0,1,57600
E01032140,Bromsgrove 001C,E02006696,Bromsgrove 001,1.0538,1818,1725.185045,847,153,269,147,84,48,44,35,31,36,1808,983,582,178,50,15,156,91,182,54,212,675,43,274,344,68,34,5,2,1,1,57600
E01032139,Bromsgrove 001B,E02006696,Bromsgrove 001,1.3796,2408,1745.433459,1117,246,348,166,115,59,64,42,27,50,2359,1457,636,203,50,13,184,114,243,69,261,866,39,426,206,179,96,5,1,3,0,57600
E01032141,Bromsgrove 001D,E02006696,Bromsgrove 001,5.3261,1511,283.6972644,718,175,214,101,84,39,38,24,16,27,1517,826,495,158,28,10,150,96,155,47,198,570,31,355,105,35,87,6,3,5,1,57600
E01032143,Bromsgrove 006B,E02006701,Bromsgrove 006,6.1671,1694,274.6834006,818,194,272,136,70,41,33,27,22,23,1613,887,528,145,36,17,140,79,142,50,206,677,24,440,143,24,9,4,1,1,1,64400
E01032142,Bromsgrove 006A,E02006701,Bromsgrove 006,1.2496,2477,1982.234315,1326,219,447,212,111,106,78,49,45,59,2435,1410,800,181,36,8,170,137,247,74,323,911,42,366,473,77,7,0,1,9,2,64400
E01032144,Bromsgrove 006C,E02006701,Bromsgrove 006,2.9873,2007,671.8441402,913,242,344,105,66,45,34,32,15,30,2037,1121,618,196,82,20,161,102,176,54,210,953,39,495,156,92,86,9,2,18,2,64400
E01032147,Bromsgrove 004D,E02006699,Bromsgrove 004,0.2593,1227,4731.97069,484,69,107,69,53,72,40,30,22,22,1227,531,458,168,53,17,219,108,139,79,141,290,40,181,263,47,60,0,0,7,0,45400
E01032146,Bromsgrove 005B,E02006700,Bromsgrove 005,2.5021,1693,676.6316294,763,131,205,106,85,75,64,38,30,29,1655,864,558,183,35,15,218,129,199,95,249,471,36,268,363,12,15,2,0,2,7,50100
E01032145,Bromsgrove 004C,E02006699,Bromsgrove 004,1.2536,1597,1273.931078,684,121,153,102,82,83,41,37,27,38,1527,828,482,175,34,8,208,103,164,82,235,406,37,254,302,62,5,0,0,0,0,45400
E01032148,Bromsgrove 008A,E02006703,Bromsgrove 008,4.4148,1210,274.0781009,524,163,142,59,48,27,24,37,16,8,1195,594,362,137,90,12,137,69,132,48,139,447,41,307,47,43,13,8,9,0,29,55300
E01032224,Redditch 004A,E02006724,Redditch 004,0.8165,1894,2319.657073,1011,65,132,100,78,111,97,91,167,170,1927,876,691,263,80,17,415,168,203,63,262,414,54,67,237,148,251,26,23,20,0,37600
E01032149,Bromsgrove 006D,E02006701,Bromsgrove 006,1.2276,1281,1043.499511,616,177,196,76,59,40,18,22,14,14,1268,789,353,115,7,4,103,67,133,36,154,527,24,425,38,15,9,8,3,0,1,64400
E01032150,Bromsgrove 008B,E02006703,Bromsgrove 008,1.9703,1432,726.7928742,700,138,210,92,67,63,49,32,17,32,1451,732,503,172,35,9,156,104,159,66,190,544,22,411,135,30,33,7,2,1,0,55300
E01032152,Bromsgrove 007D,E02006702,Bromsgrove 007,0.4876,1339,2746.103363,603,77,106,59,50,94,74,47,45,51,1375,640,460,190,64,21,248,102,152,71,180,304,44,107,228,187,99,1,1,5,0,42200
E01032151,Bromsgrove 008C,E02006703,Bromsgrove 008,1.3311,1467,1102.096011,706,133,181,102,66,79,53,37,23,32,1448,782,465,155,33,13,153,100,145,73,203,490,35,285,258,20,7,2,0,2,0,55300
E01032153,Bromsgrove 008D,E02006703,Bromsgrove 008,1.2444,2302,1849.887496,1117,179,328,155,99,89,84,68,49,66,2254,1251,678,224,76,25,235,174,238,84,300,671,37,392,306,156,63,2,4,2,0,55300
E01032154,Bromsgrove 010A,E02006705,Bromsgrove 010,0.2759,1774,6429.865893,963,150,253,136,98,92,82,42,43,67,1747,935,592,176,36,8,164,111,187,88,263,562,26,288,245,112,31,1,1,0,1,41900
E01032155,Bromsgrove 008E,E02006703,Bromsgrove 008,0.9622,1683,1749.116608,869,152,248,129,96,69,63,47,24,41,1687,915,587,149,30,6,130,123,192,68,263,557,28,406,205,46,0,0,0,0,2,55300
E01032158,Bromsgrove 012A,E02006707,Bromsgrove 012,1.5542,1506,968.9872603,705,115,192,107,72,68,56,37,25,33,1515,781,493,191,40,10,145,101,176,78,200,533,30,318,269,40,27,0,1,0,0,61500
E01032156,Bromsgrove 011A,E02006706,Bromsgrove 011,0.8029,2128,2650.392328,805,86,166,100,64,97,97,59,39,97,2038,965,666,275,97,35,312,149,278,91,278,453,59,97,182,174,320,29,21,55,2,39800
E01032157,Bromsgrove 011B,E02006706,Bromsgrove 011,0.5934,1665,2805.86451,582,70,130,65,45,69,45,46,31,81,1667,570,600,324,131,42,384,155,215,94,194,400,59,123,129,64,665,14,31,17,2,39800
E01032160,Bromsgrove 010C,E02006705,Bromsgrove 010,0.3771,1711,4537.258022,855,118,207,107,84,88,86,52,46,67,1700,769,606,242,65,18,248,122,198,85,243,506,41,183,277,237,58,22,7,15,1,41900
E01032159,Bromsgrove 010B,E02006705,Bromsgrove 010,0.6861,2010,2929.602099,898,103,173,117,79,108,100,65,53,100,1931,877,636,294,103,21,353,157,226,104,248,444,44,163,388,199,97,12,0,5,0,41900
E01032248,Redditch 012C,E02006732,Redditch 012,0.5428,1348,2483.419307,712,142,166,101,88,53,33,49,27,53,1351,748,450,126,21,6,119,104,162,66,224,448,15,449,42,28,14,0,0,0,0,49200
E01032172,Bromsgrove 003D,E02006698,Bromsgrove 003,0.4091,1584,3871.913957,743,76,121,99,80,93,80,58,60,76,1532,742,510,206,61,13,230,146,183,106,230,308,35,43,441,82,49,11,5,41,0,44200
E01032225,Redditch 004B,E02006724,Redditch 004,0.3106,1166,3754.024469,484,29,35,35,32,73,52,51,86,91,1152,432,419,194,81,26,254,129,126,69,121,148,47,20,105,211,153,5,0,2,0,37600
E01032161,Bromsgrove 010D,E02006705,Bromsgrove 010,0.678,1998,2946.902655,903,87,118,97,83,110,128,77,79,124,2000,899,698,287,84,32,359,179,240,69,282,352,37,68,455,160,131,5,0,1,0,41900
E01033059,Bromsgrove 012D,E02006707,Bromsgrove 012,0.3369,1541,4574.057584,901,144,259,134,87,69,72,55,34,47,1546,987,433,102,21,3,89,96,194,55,210,534,23,344,148,74,23,0,0,1,0,61500
E01033061,Bromsgrove 012E,E02006707,Bromsgrove 012,0.3488,1786,5120.412844,935,174,292,143,95,51,61,46,37,36,1855,1157,531,130,30,7,134,112,196,47,258,658,25,407,195,60,3,3,1,0,0,61500
E01032162,Bromsgrove 012B,E02006707,Bromsgrove 012,0.5115,1867,3650.048876,886,138,232,144,86,78,68,45,40,55,1902,1007,642,200,37,16,219,122,242,75,243,590,36,272,390,64,23,9,3,0,0,61500
E01033062,Bromsgrove 014F,E02006709,Bromsgrove 014,0.4365,2274,5209.621993,1105,204,288,196,112,101,74,35,39,56,2265,1204,743,227,72,19,227,163,274,99,328,726,56,703,165,36,3,2,0,0,1,52000
E01034318,Bromsgrove 014H,E02006709,Bromsgrove 014,8.9284,1422,159.2670579,761,138,171,95,81,107,53,29,37,50,1424,681,530,160,39,14,182,112,173,73,201,450,24,256,186,115,53,7,13,5,14,52000
E01034319,Bromsgrove 014I,E02006709,Bromsgrove 014,0.713,1387,1945.301543,653,84,141,95,72,69,60,39,43,50,1275,662,395,145,59,14,211,97,148,54,194,309,20,100,295,108,50,1,0,3,0,52000
E01033243,Bromsgrove 014G,E02006709,Bromsgrove 014,8.7917,2165,246.2549905,979,179,257,137,91,91,63,47,43,71,2209,1029,753,301,95,31,264,156,299,100,345,697,41,342,176,164,40,2,1,2,1,52000
E01033060,Bromsgrove 014E,E02006709,Bromsgrove 014,26.2746,1136,43.23567247,562,138,137,64,61,70,25,23,19,25,1137,596,363,105,26,47,142,55,127,47,159,434,23,256,162,33,4,0,4,1,12,52000
E01032247,Redditch 012B,E02006732,Redditch 012,0.308,1346,4370.12987,664,78,120,75,75,70,68,51,49,78,1371,588,512,176,73,22,251,126,191,68,199,279,35,184,161,191,79,10,3,4,0,49200
E01032170,Bromsgrove 003B,E02006698,Bromsgrove 003,2.176,1378,633.2720588,737,70,133,92,87,93,100,42,46,74,1376,660,494,169,42,11,150,167,169,70,251,299,17,54,296,166,39,1,0,0,0,44200
E01032169,Bromsgrove 002D,E02006697,Bromsgrove 002,17.5598,1142,65.03490928,542,126,113,67,61,61,41,14,29,30,1155,563,393,151,34,14,180,93,127,62,154,338,36,254,111,24,13,6,31,3,51,49700
E01032168,Bromsgrove 002C,E02006697,Bromsgrove 002,1.514,1155,762.8797886,492,82,145,56,51,53,38,19,25,23,1152,503,427,140,37,45,192,65,124,50,143,333,46,201,199,36,35,2,0,4,0,49700
E01032231,Redditch 013D,E02006733,Redditch 013,0.5203,1829,3515.279646,957,162,199,150,84,105,75,69,49,64,1857,914,650,215,58,20,239,121,234,116,276,529,31,270,237,150,114,20,10,14,0,49300
E01032228,Redditch 013A,E02006733,Redditch 013,20.9243,1337,63.89700014,683,159,141,86,83,80,36,30,25,43,1307,672,463,134,34,4,123,94,155,60,204,476,34,338,123,63,12,4,5,1,0,49300
E01032230,Redditch 013C,E02006733,Redditch 013,1.7949,1467,817.3157279,713,143,176,110,67,67,54,38,24,34,1500,779,535,145,28,13,158,103,198,73,231,443,21,391,124,37,39,8,0,0,0,49300
E01032229,Redditch 013B,E02006733,Redditch 013,0.8576,1360,1585.820896,691,85,124,82,77,75,61,51,52,84,1384,676,487,161,45,15,188,139,185,78,195,322,27,177,126,223,94,4,1,0,0,49300
E01032235,Redditch 003D,E02006723,Redditch 003,0.6428,1816,2825.140012,746,60,68,71,69,111,82,73,104,108,1793,831,617,241,79,25,350,184,243,70,192,248,38,17,402,66,228,1,0,2,1,41700
E01034321,Redditch 003F,E02006723,Redditch 003,0.1971,1101,5585.996956,678,94,147,113,81,66,49,35,39,54,1149,612,393,116,24,4,100,91,162,54,189,319,24,256,161,57,5,0,1,0,0,41700
E01032234,Redditch 003C,E02006723,Redditch 003,0.3395,1863,5487.481591,778,47,90,60,52,86,103,91,122,127,1902,817,599,309,145,32,501,169,217,66,212,283,52,59,405,155,122,25,2,2,0,41700
E01032232,Redditch 003A,E02006723,Redditch 003,0.393,1482,3770.992366,698,44,71,57,50,97,74,85,111,109,1526,565,568,269,88,36,386,160,180,65,189,250,31,34,275,161,195,80,2,3,0,41700
E01034322,Redditch 003G,E02006723,Redditch 003,0.3002,1459,4860.093271,797,125,190,125,76,81,67,55,37,41,1438,792,453,140,47,6,117,100,199,63,235,408,18,298,168,56,43,6,0,1,0,41700
E01032246,Redditch 012A,E02006732,Redditch 012,0.2949,1419,4811.80061,678,87,143,113,66,93,45,41,45,45,1368,691,506,134,28,9,159,119,178,72,224,339,33,333,164,38,23,3,0,0,0,49200
E01032171,Bromsgrove 003C,E02006698,Bromsgrove 003,0.291,1462,5024.054983,672,94,144,87,78,96,46,45,39,43,1450,708,488,192,50,12,219,120,191,93,216,339,38,71,527,8,4,0,0,0,0,44200
E01032239,Redditch 004C,E02006724,Redditch 004,0.3092,1921,6212.807245,902,50,93,51,53,106,58,101,213,177,1870,890,699,208,51,22,396,206,202,76,177,330,59,76,157,245,165,28,5,3,0,37600
E01032236,Redditch 006A,E02006726,Redditch 006,0.4273,1799,4210.156799,918,56,102,94,69,120,90,91,157,139,1836,847,620,259,91,19,388,195,194,93,229,337,53,64,285,106,296,44,24,5,0,44200
E01032238,Redditch 006C,E02006726,Redditch 006,0.9523,1343,1410.269873,732,77,128,74,67,73,53,63,95,102,1360,650,465,183,51,11,226,108,172,71,192,343,33,119,271,62,58,45,6,0,0,44200
E01032237,Redditch 006B,E02006726,Redditch 006,0.7761,1386,1785.852339,702,105,128,82,71,61,54,54,78,69,1404,636,498,198,59,13,219,141,194,43,204,364,46,329,100,39,116,21,0,3,0,44200
E01032249,Redditch 012D,E02006732,Redditch 012,0.3526,1462,4146.341463,803,94,166,95,85,94,85,58,65,61,1485,725,522,175,46,17,174,137,195,83,243,373,37,185,231,201,64,5,1,1,1,49200
E01032252,Redditch 010C,E02006730,Redditch 010,0.4811,1408,2926.626481,578,20,48,32,46,85,69,61,100,117,1404,634,464,216,66,24,281,160,193,57,137,147,45,21,64,317,128,9,1,6,0,39600
E01032251,Redditch 010B,E02006730,Redditch 010,0.4981,1781,3575.587231,870,70,95,91,60,125,88,85,115,141,1772,815,621,253,66,17,328,214,230,67,224,269,48,64,138,335,165,3,0,1,1,39600
E01032250,Redditch 010A,E02006730,Redditch 010,0.153,1362,8901.960784,592,41,47,40,47,59,69,57,118,114,1370,620,455,216,67,12,315,153,157,55,151,144,22,31,50,356,64,4,0,2,0,39600
E01032253,Redditch 009A,E02006729,Redditch 009,1.1673,1683,1441.788743,877,107,206,114,88,92,70,65,66,69,1604,791,606,153,45,9,189,124,219,61,261,429,34,375,178,72,15,0,0,0,0,46200
E01032255,Redditch 007A,E02006727,Redditch 007,0.3653,1383,3785.929373,726,83,117,80,91,86,59,65,63,82,1397,627,495,214,45,16,221,134,188,69,191,279,43,78,379,68,11,4,0,4,0,45100
E01032254,Redditch 010D,E02006730,Redditch 010,0.4381,2268,5176.900251,1118,106,146,126,109,127,102,111,134,157,2236,1034,796,297,85,24,380,245,255,100,309,376,55,117,315,381,26,2,0,5,1,39600
E01032259,Redditch 008A,E02006728,Redditch 008,0.3411,1389,4072.119613,679,102,125,100,78,82,68,49,34,41,1399,593,504,238,51,13,262,94,168,85,239,336,30,172,285,101,38,13,0,3,0,48500
E01032258,Redditch 011C,E02006731,Redditch 011,0.6821,1483,2174.168011,768,88,126,91,72,124,70,57,66,74,1469,629,563,197,59,21,257,124,197,79,209,351,31,160,329,101,87,13,0,14,0,42800
E01032261,Redditch 012E,E02006732,Redditch 012,0.4091,1392,3402.591054,689,89,123,100,72,117,46,52,36,54,1396,667,471,172,67,19,240,98,180,83,218,319,38,163,385,24,1,2,1,4,0,49200
E01032260,Redditch 011D,E02006731,Redditch 011,0.2271,1384,6094.231616,594,35,60,54,53,81,85,68,74,84,1363,544,451,241,101,26,311,137,175,53,178,206,30,44,107,247,286,10,0,3,1,42800
E01032256,Redditch 011A,E02006731,Redditch 011,0.5675,1329,2341.85022,667,57,105,75,89,75,72,57,61,76,1349,566,451,232,81,19,252,125,166,62,191,310,30,242,105,219,50,10,1,1,0,42800
E01032257,Redditch 011B,E02006731,Redditch 011,0.6048,1379,2280.092593,733,108,153,109,83,77,56,50,52,45,1389,720,475,149,40,5,183,110,164,65,248,366,31,420,136,14,2,1,0,0,0,42800
E01032173,Bromsgrove 011C,E02006706,Bromsgrove 011,0.6336,1689,2665.719697,873,118,158,118,95,139,78,43,48,76,1668,865,583,175,37,8,212,139,209,79,235,460,35,173,289,198,4,0,1,1,2,39800
E01032175,Bromsgrove 011D,E02006706,Bromsgrove 011,0.7766,1580,2034.5094,775,103,155,102,90,101,72,43,38,71,1575,688,566,244,60,17,254,147,220,77,254,387,36,262,320,63,31,2,0,0,0,39800
E01032174,Bromsgrove 013D,E02006708,Bromsgrove 013,0.5729,1676,2925.466923,818,86,176,105,77,88,89,54,51,92,1648,779,588,210,66,5,207,149,184,68,223,412,38,159,215,198,93,6,1,0,1,42100
E01032176,Bromsgrove 002E,E02006697,Bromsgrove 002,26.1561,2213,84.60741471,1122,280,245,129,126,122,71,44,41,64,2207,1159,718,240,75,15,283,178,281,108,298,713,51,593,248,62,2,6,3,6,4,49700
E01032178,Bromsgrove 005D,E02006700,Bromsgrove 005,5.5075,1230,223.3318202,501,77,149,68,54,61,38,24,5,25,1215,540,437,202,24,12,202,83,130,59,192,369,31,231,251,4,3,1,0,0,59,50100
E01032177,Bromsgrove 005C,E02006700,Bromsgrove 005,2.0119,1913,950.8424872,942,184,268,130,98,75,36,49,48,54,1854,1033,589,190,34,8,165,113,219,79,262,575,29,369,230,69,49,3,0,6,1,50100
E01032227,Redditch 001B,E02006721,Redditch 001,0.8026,1077,1341.888861,442,82,109,63,50,37,34,22,21,24,1059,478,397,139,38,7,136,97,114,65,152,337,20,422,15,23,2,0,1,0,0,49500
E01032226,Redditch 001A,E02006721,Redditch 001,2.0345,2818,1385.106906,1462,188,269,193,137,154,134,105,128,154,2806,1458,950,309,66,23,315,241,334,116,436,718,54,327,499,151,135,4,9,2,0,49500
E01032262,Redditch 004D,E02006724,Redditch 004,0.7149,2059,2880.123094,900,64,83,81,60,128,87,65,182,150,2069,882,709,324,116,38,509,207,249,73,213,306,58,47,296,307,146,17,6,6,13,37600
E01032263,Redditch 007B,E02006727,Redditch 007,0.9509,1771,1862.446104,825,86,131,88,78,103,64,82,94,99,1740,789,588,255,89,19,342,167,228,101,206,346,45,169,345,96,87,8,3,7,0,45100
E01032264,Redditch 006D,E02006726,Redditch 006,0.477,1739,3645.702306,857,65,83,67,81,108,95,93,120,145,1767,829,626,228,71,13,338,195,212,74,229,258,50,57,121,454,13,0,0,0,1,44200
E01032266,Redditch 007C,E02006727,Redditch 007,0.9689,1602,1653.421406,767,92,122,98,67,105,65,72,75,71,1550,646,601,232,58,13,223,173,175,101,235,380,36,259,187,135,112,2,17,3,0,45100
E01032265,Redditch 009B,E02006729,Redditch 009,1.0489,1623,1547.335304,724,71,69,73,64,79,69,65,116,118,1626,683,562,241,117,23,336,168,213,44,201,234,49,43,108,425,52,9,1,1,0,46200
E01032267,Redditch 009C,E02006729,Redditch 009,0.5015,1808,3605.184447,858,71,97,81,70,90,91,83,136,139,1784,772,655,224,106,27,347,197,234,100,210,255,48,114,159,356,36,3,0,0,0,46200
E01032268,Redditch 009D,E02006729,Redditch 009,0.3291,1165,3539.95746,594,62,94,73,81,83,46,38,60,57,1161,523,445,144,41,8,201,114,170,70,178,234,40,105,343,37,0,0,1,0,0,46200
E01032271,Redditch 008D,E02006728,Redditch 008,2.0416,2157,1056.524295,1168,213,267,174,133,108,77,66,58,72,2112,1198,705,170,30,9,164,140,260,80,337,620,27,525,179,67,20,3,1,1,0,48500
E01032270,Redditch 008C,E02006728,Redditch 008,0.4149,1426,3436.972765,765,130,156,120,85,91,60,35,45,43,1445,792,514,109,26,4,146,111,184,82,227,400,24,395,116,41,17,2,0,0,1,48500
E01032269,Redditch 008B,E02006728,Redditch 008,0.4367,1622,3714.220289,823,101,134,107,86,101,82,73,64,75,1598,764,537,218,62,17,269,134,202,99,241,377,32,234,213,173,127,3,1,4,0,48500
E01032272,Redditch 008E,E02006728,Redditch 008,0.5491,1173,2136.22291,539,77,117,67,63,54,46,39,34,42,1195,514,418,196,51,16,209,110,181,72,156,287,31,299,81,74,74,0,1,1,0,48500
E01032245,Redditch 002D,E02006722,Redditch 002,0.2139,1542,7208.976157,647,43,48,53,33,71,74,70,132,123,1536,639,521,247,100,29,311,188,200,65,195,183,44,22,97,314,230,16,2,2,1,36300
E01032244,Redditch 001D,E02006721,Redditch 001,0.2748,1488,5414.847162,697,63,107,88,72,91,60,57,78,81,1462,707,465,210,70,10,286,126,174,60,217,271,26,83,277,216,45,7,1,0,0,49500
E01032242,Redditch 002C,E02006722,Redditch 002,0.2717,1363,5016.562385,708,64,61,95,73,98,73,60,90,94,1367,661,455,171,66,14,196,143,181,72,179,248,34,57,185,269,63,14,0,0,1,36300
E01032241,Redditch 002B,E02006722,Redditch 002,0.5492,1295,2357.975237,568,30,43,48,57,70,56,58,92,114,1300,559,463,184,72,22,238,150,167,41,175,157,38,23,91,342,41,1,0,1,0,36300
E01032240,Redditch 002A,E02006722,Redditch 002,0.2431,1224,5034.965035,611,42,53,59,60,78,49,59,100,111,1244,539,464,168,53,20,288,137,174,60,149,175,30,29,148,256,111,4,1,2,0,36300
E01032243,Redditch 001C,E02006721,Redditch 001,0.7286,1291,1771.891298,623,84,121,100,80,62,53,48,34,41,1310,547,540,168,46,9,181,120,179,71,211,361,26,373,149,37,11,0,0,1,0,49500
E01032451,Wyre Forest 006A,E02006772,Wyre Forest 006,0.5097,1523,2988.032176,675,111,128,90,75,73,56,53,38,51,1498,659,561,211,46,21,228,137,188,83,229,388,48,423,202,11,13,7,3,2,0,39600
E01032452,Wyre Forest 006B,E02006772,Wyre Forest 006,0.6541,1621,2478.21434,709,98,123,87,72,91,73,57,54,54,1561,747,540,213,49,12,274,115,190,107,244,351,42,244,359,26,11,3,0,0,2,39600
E01032453,Wyre Forest 006C,E02006772,Wyre Forest 006,0.2657,1788,6729.394053,712,55,60,55,47,119,113,74,81,108,1820,679,640,325,110,66,398,173,257,103,225,184,55,40,288,364,78,2,0,3,0,39600
E01032454,Wyre Forest 006D,E02006772,Wyre Forest 006,0.4539,1872,4124.256444,879,86,121,108,87,110,108,95,69,95,1800,734,643,316,92,15,342,170,225,102,299,351,51,177,259,255,120,10,4,9,1,39600
E01032459,Wyre Forest 012E,E02006778,Wyre Forest 012,1.4972,1457,973.1498798,700,83,81,95,85,104,67,68,58,59,1480,673,526,201,68,12,254,148,157,85,238,295,37,150,371,89,3,7,2,0,0,41700
E01032457,Wyre Forest 012C,E02006778,Wyre Forest 012,1.1729,1677,1429.789411,673,74,111,92,85,88,65,46,45,67,1497,689,550,174,62,22,199,122,210,79,213,316,40,278,175,106,26,0,0,2,4,41700
E01032458,Wyre Forest 012D,E02006778,Wyre Forest 012,0.628,1497,2383.757962,674,86,106,77,63,91,73,52,59,67,1514,680,553,206,60,15,265,127,203,104,217,328,36,244,356,30,24,0,0,0,0,41700
E01032456,Wyre Forest 012B,E02006778,Wyre Forest 012,0.4168,1274,3056.621881,525,46,62,47,53,92,69,37,42,77,1249,481,411,216,102,39,328,102,148,59,154,188,32,66,235,188,13,10,1,6,0,41700
E01032455,Wyre Forest 012A,E02006778,Wyre Forest 012,1.1436,1428,1248.688353,679,85,132,88,78,83,56,53,47,57,1437,594,570,198,53,22,218,138,195,111,243,295,25,153,442,20,10,0,0,0,1,41700
E01032461,Wyre Forest 013B,E02006779,Wyre Forest 013,1.1601,1972,1699.853461,881,120,137,113,81,108,87,72,86,77,1970,784,720,314,115,37,416,196,234,120,271,448,39,334,87,130,235,34,19,63,112,38400
E01032462,Wyre Forest 013C,E02006779,Wyre Forest 013,2.839,2130,750.2641775,1084,148,183,168,109,139,118,74,69,76,2175,1060,735,267,89,24,336,167,255,119,348,518,30,285,395,210,40,2,0,3,0,38400
E01032460,Wyre Forest 013A,E02006779,Wyre Forest 013,0.5782,1861,3218.609478,865,93,111,81,95,134,95,84,74,98,1818,707,670,320,90,31,344,156,258,126,289,365,44,158,341,190,241,6,8,5,0,38400
E01032463,Wyre Forest 013D,E02006779,Wyre Forest 013,0.7396,1633,2207.950243,665,103,90,90,74,89,58,45,49,67,1614,728,568,236,71,11,280,163,198,99,250,382,35,466,164,41,60,2,7,6,0,38400
E01032432,Wyre Forest 001B,E02006767,Wyre Forest 001,18.5446,1617,87.19519429,613,123,133,66,60,72,48,28,32,51,1565,747,538,184,73,23,265,133,203,64,176,373,16,242,231,49,26,8,4,3,5,43300
E01032443,Wyre Forest 002C,E02006768,Wyre Forest 002,0.3947,1328,3364.580694,570,58,93,61,67,66,66,54,44,61,1319,533,487,211,70,18,245,135,156,100,193,289,37,182,390,18,5,3,0,1,1,39000
E01032419,Wyre Forest 010B,E02006776,Wyre Forest 010,0.3738,1274,3408.2397,470,59,112,70,48,46,35,45,27,28,1269,495,492,203,60,19,183,103,149,95,191,376,31,483,33,41,15,2,0,1,0,45100
E01032472,Wyre Forest 011D,E02006777,Wyre Forest 011,26.4215,1283,48.55893874,572,146,102,68,55,73,24,29,34,41,1251,626,415,152,47,11,182,102,167,66,163,399,31,440,57,8,1,2,2,1,23,40800
E01032431,Wyre Forest 001A,E02006767,Wyre Forest 001,26.4034,1552,58.7803086,727,202,136,77,72,96,44,31,19,50,1556,768,531,191,49,17,222,122,167,68,238,479,32,350,208,76,11,9,18,4,4,43300
E01032473,Wyre Forest 011E,E02006777,Wyre Forest 011,9.7147,1393,143.3909436,596,123,85,79,59,89,51,36,31,43,1419,615,520,209,61,14,296,103,175,88,181,322,37,304,156,45,2,2,6,2,74,40800
E01032421,Wyre Forest 010D,E02006776,Wyre Forest 010,0.478,1107,2315.899582,568,79,135,79,61,62,54,38,28,32,1155,600,409,116,23,7,127,95,138,60,184,363,21,381,70,17,10,0,0,0,0,45100
E01032442,Wyre Forest 002B,E02006768,Wyre Forest 002,0.4225,1614,3820.118343,890,89,137,90,101,126,90,96,65,96,1628,781,609,176,52,10,237,162,208,97,286,312,28,92,457,70,44,3,1,8,1,39000
E01032420,Wyre Forest 010C,E02006776,Wyre Forest 010,1.3232,1244,940.1451028,653,96,113,85,83,63,64,41,49,59,1231,601,438,147,33,12,178,109,161,49,205,320,23,374,96,42,0,1,0,5,0,45100
E01032275,Redditch 005B,E02006725,Redditch 005,0.5166,1367,2646.14789,669,73,81,75,72,103,61,51,71,82,1413,587,526,210,64,26,285,141,170,74,193,240,30,75,192,265,68,2,1,3,0,41100
E01032274,Redditch 007D,E02006727,Redditch 007,1.1309,1194,1055.796268,638,64,95,92,76,82,53,40,64,72,1254,541,491,172,37,13,216,120,185,74,195,224,30,87,391,37,1,0,0,0,0,45100
E01032273,Redditch 005A,E02006725,Redditch 005,0.5905,1315,2226.926334,655,86,142,99,59,57,52,56,44,60,1319,595,508,171,39,6,189,125,176,87,202,327,35,299,267,1,2,0,1,0,0,41100
E01032278,Redditch 005D,E02006725,Redditch 005,0.2524,1511,5986.529319,665,30,47,53,50,82,66,71,146,120,1556,589,566,253,102,46,350,186,203,67,185,194,39,20,80,324,289,2,0,9,0,41100
E01032276,Redditch 009E,E02006729,Redditch 009,0.3834,1466,3823.682838,747,86,123,99,90,100,64,67,63,55,1462,724,518,174,37,9,204,147,205,85,238,278,36,184,327,81,2,2,1,1,0,46200
E01032277,Redditch 005C,E02006725,Redditch 005,0.1899,1305,6872.037915,615,35,63,52,56,80,65,54,107,103,1237,544,443,175,61,14,252,136,171,62,142,183,34,7,71,321,94,2,0,0,0,41100
E01032418,Wyre Forest 010A,E02006776,Wyre Forest 010,0.5873,1291,2198.19513,607,64,80,68,59,76,70,56,60,74,1300,540,485,211,54,10,212,127,182,96,197,254,26,188,221,40,160,8,0,0,0,45100
E01032422,Wyre Forest 010E,E02006776,Wyre Forest 010,0.2996,1418,4732.977303,742,63,78,87,72,104,84,73,71,110,1438,623,553,185,64,13,215,150,190,55,248,228,29,36,287,266,60,8,1,1,0,45100
E01032433,Wyre Forest 001C,E02006767,Wyre Forest 001,7.7663,1500,193.1421655,750,192,210,104,69,56,41,39,19,20,1506,823,501,126,42,14,163,87,177,49,208,523,17,368,131,43,17,14,8,2,1,43300
E01032445,Wyre Forest 002E,E02006768,Wyre Forest 002,0.3519,1607,4566.63825,663,72,88,65,46,110,98,59,48,77,1594,707,500,274,99,14,301,158,212,83,216,237,38,89,375,91,85,11,0,0,1,39000
E01032441,Wyre Forest 002A,E02006768,Wyre Forest 002,0.1978,1202,6076.845298,552,61,79,72,53,88,63,32,40,64,1212,504,483,164,45,16,224,126,161,79,176,225,33,179,311,39,0,0,0,1,0,39000
E01032444,Wyre Forest 002D,E02006768,Wyre Forest 002,0.479,1231,2569.93737,581,54,70,77,56,78,65,58,54,69,1250,546,436,196,56,16,233,123,153,82,177,236,28,42,330,63,62,3,35,4,0,39000
E01032478,Wyre Forest 008E,E02006774,Wyre Forest 008,0.323,1486,4600.619195,703,67,72,60,69,113,76,64,81,101,1524,690,498,228,83,25,350,156,177,79,200,236,30,78,476,44,44,2,2,2,0,40900
E01032426,Wyre Forest 014D,E02006780,Wyre Forest 014,0.284,1416,4985.915493,605,74,80,86,51,92,52,62,50,58,1407,592,524,205,72,14,292,143,169,75,214,274,53,161,389,80,25,2,0,1,0,36500
E01032464,Wyre Forest 007B,E02006773,Wyre Forest 007,0.4858,1486,3058.871964,552,48,56,49,49,67,77,73,58,75,1482,486,556,286,113,41,321,171,203,86,186,203,44,83,203,228,222,3,0,2,2,38600
E01032466,Wyre Forest 007D,E02006773,Wyre Forest 007,0.4206,1337,3178.792202,573,79,115,83,55,54,57,44,35,51,1350,541,526,193,72,18,217,115,173,73,189,385,42,245,177,59,151,18,6,1,2,38600
E01032467,Wyre Forest 007E,E02006773,Wyre Forest 007,1.143,1211,1059.492563,496,82,102,53,60,51,40,39,31,38,1175,525,412,163,39,36,202,84,127,60,156,361,31,290,133,23,76,1,1,1,0,38600
E01032474,Wyre Forest 008A,E02006774,Wyre Forest 008,0.2714,1801,6635.96168,919,78,103,86,74,116,125,85,110,142,1802,735,665,272,99,31,314,154,268,91,256,315,42,26,107,499,214,40,3,8,0,40900
E01032436,Wyre Forest 003A,E02006769,Wyre Forest 003,0.4467,1541,3449.742557,768,82,117,86,82,118,91,52,69,71,1509,659,557,231,50,12,256,127,181,112,236,329,24,98,487,67,20,5,0,0,0,44500
E01032437,Wyre Forest 004C,E02006770,Wyre Forest 004,0.6607,1827,2765.248978,824,73,104,81,60,121,109,90,78,108,1845,816,608,305,85,31,338,154,266,92,257,309,48,150,360,199,47,10,2,1,0,36700
E01032434,Wyre Forest 004A,E02006770,Wyre Forest 004,0.332,2392,7204.819277,955,83,122,84,68,108,123,105,106,156,2325,1066,787,316,123,33,397,221,282,86,251,384,54,85,317,271,243,8,15,5,0,36700
E01032438,Wyre Forest 003B,E02006769,Wyre Forest 003,0.4789,1524,3182.292754,764,94,136,96,81,110,81,50,59,57,1519,701,545,208,48,17,218,105,195,95,257,351,32,273,203,168,6,7,7,2,1,44500
E01032435,Wyre Forest 004B,E02006770,Wyre Forest 004,0.3281,1435,4373.666565,681,55,87,64,51,90,87,67,81,99,1477,655,496,220,87,19,293,164,196,75,203,229,42,72,179,234,138,19,5,23,3,36700
E01032439,Wyre Forest 001D,E02006767,Wyre Forest 001,4.2656,1404,329.1447862,619,103,119,82,69,75,65,31,37,38,1349,584,509,190,46,20,220,97,170,70,207,362,35,172,265,50,25,5,5,4,80,43300
E01032440,Wyre Forest 001E,E02006767,Wyre Forest 001,3.7522,1341,357.390331,501,41,81,65,40,82,45,40,45,62,1185,490,395,208,69,23,273,90,162,70,155,218,24,52,270,132,83,3,4,2,1,43300
E01032446,Wyre Forest 003C,E02006769,Wyre Forest 003,0.3065,1424,4646.003263,688,81,135,75,63,84,81,57,46,66,1416,599,532,198,76,11,240,108,160,81,229,354,40,190,229,139,29,8,5,3,1,44500
E01034331,Wyre Forest 004E,E02006770,Wyre Forest 004,0.3786,1055,2786.582145,520,39,60,36,39,50,65,65,66,100,1086,388,391,201,79,27,264,90,139,56,168,206,26,16,38,161,325,37,53,50,1,36700
E01032449,Wyre Forest 007A,E02006773,Wyre Forest 007,0.2029,1631,8038.442583,819,55,106,105,56,119,100,79,88,111,1599,700,584,225,79,11,277,133,206,72,240,354,28,61,142,446,52,33,7,4,1,38600
E01034332,Wyre Forest 004F,E02006770,Wyre Forest 004,0.6403,1654,2583.164142,862,96,104,99,67,107,105,82,89,113,1650,754,580,249,56,11,260,137,200,75,244,344,27,47,271,140,216,43,4,26,0,36700
E01032448,Wyre Forest 003E,E02006769,Wyre Forest 003,0.4315,1158,2683.661645,595,71,113,58,62,82,62,49,41,57,1149,528,443,136,34,8,154,114,137,71,184,272,28,101,345,20,4,4,1,0,2,44500
E01032447,Wyre Forest 003D,E02006769,Wyre Forest 003,0.2512,1441,5736.464968,758,90,139,79,76,95,76,69,51,83,1479,680,526,178,79,16,232,94,196,70,220,388,31,135,153,271,52,22,7,0,0,44500
E01032423,Wyre Forest 014A,E02006780,Wyre Forest 014,1.0227,1693,1655.421922,630,68,66,49,60,94,99,38,74,82,1698,628,592,336,104,38,489,163,176,108,201,296,43,208,210,140,4,0,0,0,225,36500
E01032468,Wyre Forest 007F,E02006773,Wyre Forest 007,0.4094,1085,2650.219834,443,52,74,68,38,51,44,35,42,39,1099,410,442,187,43,17,237,125,117,61,158,243,32,335,126,29,7,0,0,2,1,38600
E01032465,Wyre Forest 007C,E02006773,Wyre Forest 007,0.2952,1532,5189.701897,618,41,59,32,37,103,80,73,78,115,1524,629,531,249,87,28,348,156,183,73,173,185,31,45,206,305,48,8,0,3,0,38600
E01032471,Wyre Forest 009C,E02006775,Wyre Forest 009,0.6687,1607,2403.17033,495,16,44,31,30,69,77,58,72,98,1631,614,561,280,132,44,422,167,181,58,134,161,39,50,329,110,142,0,1,2,0,33900
E01034334,Wyre Forest 009E,E02006775,Wyre Forest 009,0.9206,1435,1558.766022,590,55,73,78,52,89,58,46,59,80,1430,602,477,233,88,30,303,152,196,66,159,249,27,79,401,96,35,4,2,5,0,33900
E01034333,Wyre Forest 009D,E02006775,Wyre Forest 009,0.4191,1438,3431.162014,726,76,127,106,69,71,83,60,73,61,1344,614,469,181,65,15,207,88,177,77,194,331,17,141,241,81,131,8,7,7,0,33900
E01032469,Wyre Forest 009A,E02006775,Wyre Forest 009,0.9902,1691,1707.735811,709,42,44,45,39,120,112,72,94,141,1693,676,599,299,93,26,451,195,194,67,187,190,37,15,443,135,55,5,3,3,0,33900
E01032475,Wyre Forest 008B,E02006774,Wyre Forest 008,0.4448,1668,3750,897,85,115,110,81,116,117,79,92,102,1665,781,587,226,55,16,247,153,224,86,278,331,34,128,148,345,113,12,2,4,0,40900
E01032476,Wyre Forest 008C,E02006774,Wyre Forest 008,0.3201,1400,4373.63324,726,92,107,85,74,85,85,67,62,69,1395,621,499,191,67,17,207,136,187,77,207,306,18,133,336,89,52,11,3,2,1,40900
E01032477,Wyre Forest 008D,E02006774,Wyre Forest 008,0.644,1186,1841.614907,495,102,94,52,51,50,48,34,24,40,1179,556,415,159,39,10,162,100,137,62,177,348,36,358,152,3,3,0,1,1,0,40900
E01032479,Wyre Forest 001F,E02006767,Wyre Forest 001,13.745,2493,181.3750455,1043,202,179,131,102,135,94,70,61,69,2422,1042,828,379,143,30,484,185,268,151,328,617,59,358,453,75,72,7,6,6,123,43300
E01032480,Wyre Forest 005B,E02006771,Wyre Forest 005,5.3857,1752,325.3059027,736,109,154,95,75,75,61,46,52,69,1730,784,606,241,74,25,314,138,231,104,241,428,41,280,293,124,28,7,2,1,55,40500
E01032481,Wyre Forest 005C,E02006771,Wyre Forest 005,14.4582,1837,127.0559267,719,114,105,74,69,96,89,53,51,68,1850,718,654,317,117,44,405,177,224,110,206,374,50,330,226,199,47,1,3,0,43,40500
E01032482,Wyre Forest 005D,E02006771,Wyre Forest 005,0.7585,1381,1820.698748,615,115,132,95,61,50,56,39,25,42,1363,606,519,183,48,7,168,111,169,56,191,456,34,264,178,165,27,8,10,2,7,40500
E01032425,Wyre Forest 014C,E02006780,Wyre Forest 014,1.2991,1405,1081.517974,570,100,84,63,54,77,56,45,46,45,1396,595,490,222,69,20,254,132,159,106,197,338,29,307,243,62,39,4,0,0,0,36500
E01032424,Wyre Forest 014B,E02006780,Wyre Forest 014,0.248,1362,5491.935484,547,35,51,45,34,96,86,53,61,86,1402,551,502,231,85,33,330,138,160,78,188,184,26,33,248,172,164,0,0,5,0,36500
E01032429,Wyre Forest 011C,E02006777,Wyre Forest 011,0.6282,1420,2260.426616,586,77,112,83,75,76,42,46,37,38,1456,608,581,198,53,16,208,117,191,69,210,443,39,399,180,76,5,1,4,0,2,40800
E01032430,Wyre Forest 005A,E02006771,Wyre Forest 005,17.631,1837,104.1914809,799,150,135,84,75,109,82,48,41,75,1814,793,632,285,80,24,324,141,215,111,260,460,42,387,209,110,9,0,4,1,87,40500
E01032428,Wyre Forest 011B,E02006777,Wyre Forest 011,13.3708,1616,120.8603823,731,143,139,101,64,94,43,39,60,48,1548,633,592,234,70,19,256,132,174,88,217,510,31,191,120,174,103,65,39,52,116,40800
E01032427,Wyre Forest 011A,E02006777,Wyre Forest 011,0.5257,1510,2872.360662,637,98,131,72,56,83,67,41,42,47,1528,631,545,245,84,23,319,133,191,84,180,385,50,201,327,54,30,2,2,1,83,40800
E01032896,East Staffordshire 011F,E02006141,East Staffordshire 011,1.388,1625,1170.74928,852,45,83,77,73,75,61,66,114,258,1428,658,532,167,53,18,269,138,169,74,201,302,50,30,92,212,251,25,40,48,0,41100
E01034102,Lichfield 002F,E02006147,Lichfield 002,3.8752,1874,483.5879438,1007,187,280,162,107,66,65,44,42,54,1696,1109,444,103,30,10,91,91,170,46,242,608,13,292,106,209,37,2,1,0,0,53100
E01032900,Lichfield 004G,E02006149,Lichfield 004,0.3202,2059,6430.356027,1114,206,327,216,76,62,60,61,42,64,2037,1192,638,145,47,15,134,136,223,41,254,778,20,265,174,253,152,4,0,1,0,40100
E01032901,Tamworth 010F,E02006226,Tamworth 010,1.0141,1833,1807.514052,1011,126,157,142,112,98,94,76,85,121,1848,1020,629,153,39,7,188,152,264,67,313,371,26,150,257,176,116,2,0,3,1,44500
E01034320,Redditch 003E,E02006723,Redditch 003,0.6398,1689,2639.887465,874,105,195,145,77,88,68,81,60,55,1533,941,448,116,25,3,88,88,199,41,256,384,28,206,233,113,8,1,0,0,0,41700
E01034099,Lichfield 001E,E02006146,Lichfield 001,2.5842,1742,674.0964322,972,147,220,140,82,107,76,66,62,72,1773,1017,536,133,73,14,112,123,166,68,303,466,17,181,306,108,56,0,0,3,0,45000
E01034105,Lichfield 008E,E02006153,Lichfield 008,3.0411,1828,601.0982868,1031,170,345,176,79,66,59,41,39,56,1584,1004,468,86,18,8,78,70,128,36,246,652,13,303,219,95,33,3,8,2,2,52300